地名,ちめい,緯度,経度,地方,
アフガニスタン,Afghanistan,33.49,65.1,,Asia/Kabul
アルバニア,Albania,41.49,20,,Europe/Tirane
アルジェリア,Algeria,29,1.19,,GMT+01:00
アメリカ領サモア,American Samoa,-14,-170,,Pacific/Pago_Pago
アンドラ,Andorra,42.3,1.3,,Europe/Andorra
アンゴラ,Angola,-11.4,17.3,,MET
南極,Antarctica,-80,80,,
アンティグア・バーブーダ,Antigua & Barbuda,18.3,-60,,America/St_Johns
アルゼンチン,Argentina,-35.4,-62,,America/Argentina/Ushuaia
アルメニア,Armenia,40.4,45,,NET
アルバ,Aruba,12.5,-69.5,,America/Aruba
オーストラリア,Australia,-26,136,,Australia/Adelaide
オーストリア,Austria,47.49,14.3,,MET
アゼルバイジャン,Azerbaijan,39.3,49,,Asia/Baku
バハマ,Bahamas,24.4,-77.1,,America/Nassau
バーレーン,Bahrain,26.1,50.4,,Asia/Bahrain
バングラデシュ,Bangladesh,24.49,90.3,,Asia/Dhaka
バルバドス,Barbados,12.3,-59.4,,America/Barbados
ベラルーシ,Belarus,54.1,28.4,,Europe/Minsk
ベルギー,Belgium,50.4,3.3,,MET
ベリーズ,Belize,17.29,-88.1,,America/Belize
ベナン,Benin,10.19,1.49,,GMT+01:00
バミューダ,Bermuda,32.3,-65,,Atlantic/Bermuda
ブータン,Bhutan,27.4,90,,Asia/Thimphu
ボリビア,Bolivia,-14.1,-65.1,,America/La_Paz
ボスニア・ヘルツェゴビナ,Bosnia & Herzegovina,44.3,18,,MET
ボツワナ,Botswana,-21.1,24.3,,Africa/Gaborone
ブラジル,Brazil,-10,-51.4,,America/Sao_Paulo
ブルネイ,Brunei,5.3,114.19,,Asia/Brunei
ブルガリア,Bulgaria,42.3,24.3,,EET
ブルキナファソ,Burkina Faso,13,-2.1,,Africa/Ouagadougou
ブルンジ,Burundi,-3.1,29.4,,Africa/Bujumbura
カンボジア,Cambodia,12.4,105,,GMT+07:00
カメルーン,Cameroon,5.19,12.1,,Africa/Douala
カナダ,Canada,57,-107,,America/Winnipeg
カナリア諸島,Canarias,29,-17,,GMT
カーボベルデ,Cape Verde,14.1,-22.3,,Atlantic/Cape_Verde
ケイマン諸島,CaymanIslands,19.3,-81,,
中央アフリカ,Central African Rep.,6.3,19.49,,
チャド,Chad,14,19.49,,Africa/Ndjamena
チリ,Chile,-34.3,-71.4,,America/Santiago
中国,China,37,107,,CTT
コロンビア,Colombia,3.4,-72.4,,America/Bogota
コモロ,Comoros,-12.3,43.49,,GMT+03:00
コスタリカ,Costa Rica,10,-84,,America/Costa_Rica
コートジボワール,Cote d'Ivoire,8.4,-5,,Africa/Abidjan
クロアチア,Croatia,45.19,15.3,,Europe/Zagreb
キューバ,Cuba,22.4,-78,,GMT-05:00
キプロス,Cyprus,34.3,32.1,,Europe/Nicosia
チェコ,Czecho,49.3,14.49,,MET
コンゴ民主共和国,Demo.Rep.of Congo,-2.4,20,,Africa/Lubumbashi
デンマーク,Denmark,56.3,10.3,,America/Thule
ジブチ,Djibouti,11.36,43.09,,Africa/Djibouti
ドミニカ,Dominica,16.19,-59.4,,America/Dominica
ドミニカ共和国,Dominican Republic,19.1,-70.4,,America/Santo_Domingo
エクアドル,Ecuador,-1.1,-80.4,,America/Guayaquil
エジプト,Egypt,28.1,30.1,,EET
エルサルバドル,El Salvador,13.3,-88.4,,America/El_Salvador
赤道ギニア,Equatorial Guinea,1.4,10,,Africa/Malabo
エリトリア,Eritrea,16.3,38,,Africa/Asmera
エストニア,Estonia,58.1,25,,Europe/Tallinn
エチオピア,Ethiopia,7.4,40.1,,Africa/Addis_Ababa
フォークランド諸島,Falkland Islands,-50.5,-58,,
フィジー,Fiji,-17,179.3,,Pacific/Fiji
フィンランド,Finland,63.3,26.3,,Europe/Helsinki
フランス,France,46.3,2,,Europe/Paris
フランス領ギアナ,French Guiana,4.3,-53,,America/Cayenne
フランス領ポリネシア,French Polynesia,-18.5,-150,,GMT-10:00
ガボン,Gabon,-0.4,11.1,,GMT-10:00
ガンビア,Gambia,13.19,-15.4,,Africa/Banjul
グルジア,Georgia,42.3,41.49,,Asia/Tbilisi
ドイツ,Germany,51.19,10.49,,MET
ガーナ,Ghana,7.3,-0.3,,Africa/Accra
ギリシャ,Greece,39.1,21.4,,Europe/Athens
グリーンランド,Greenland,75,-40,,
グレナダ,Grenada,12.49,-64.3,,America/Grenada
グアダルペ,Guadeloupe,16.07,-61.19,,America/Guadeloupe
グアム,Guam,13.15,144.5,,Pacific/Guam
グアテマラ,Guatemala,15,-91.4,,America/Guatemala
ギニア,Guinea,10.4,-12.1,,Africa/Conakry
ギニアビサウ,Guinea-Bissau,12,-15.4,,Africa/Bissau
ガイアナ,Guyana,5.49,-59.1,,America/Guyana
ハイチ,Haiti,17.49,-72.4,,GMT-05:00
ホンジュラス,Honduras,14.49,-86.1,,America/Tegucigalpa
ハンガリー,Hungary,46.49,18.4,,Europe/Budapest
アイスランド,Iceland,65.1,-18.1,,Atlantic/Reykjavik
インド,India,20,78.1,,IST
インドネシア,Indonesia,-3.1,124.3,,Asia/Jakarta
イラン,Iran,34.3,54,,Asia/Tehran
イラク,Iraq,34.49,44,,Asia/Baghdad
アイルランド,Ireland,53.3,-8.1,,Europe/Dublin
イスラエル,Israel,31.1,34.3,,IST
イタリア,Italy,43.3,12,,MET
ジャマイカ,Jamaica,17.1,-78.1,,America/Jamaica
日本,Japan,36,138,,JST
ヨルダン,Jordan,30.49,35.49,,Asia/Amman
カザフスタン,Kazakhstan,48.3,59.4,,Asia/Almaty
ケニア,Kenya,1.19,37,,Africa/Nairobi
キリバス,Kiribati,-1.1,178,,Pacific/Tarawa
韓国,Korea,37.1,128.3,,Asia/Seoul
クウェート,Kuwait,29.3,47.19,,Asia/Kuwait
キルギス,Kyrgyz,42.1,73,,Asia/Bishkek
ラオス,Laos,20.1,102.3,,Asia/Vientiane
ラトビア,Latvia,57.19,24.19,,Europe/Riga
レバノン,Lebanon,33.3,35.3,,GMT+02:00
レソト,Lesotho,-30,27.4,,Africa/Maseru
リベリア,Liberia,5.3,-8.3,,Africa/Monrovia
リビア,Libya,28.4,19.49,,Africa/Tripoli
リヒテンシュタイン,Liechtenstein,47,9.4,,Europe/Vaduz
リトアニア,Lithuania,56.1,22.3,,GMT+02:00
ルクセンブルク,Luxembourg,49.36,6.09,,Europe/Luxembourg
マカオ,Macau,22.12,113.34,,Asia/Macau
マケドニア,Macedonia,41.4,21.3,,Europe/Skopje
マダガスカル,Madagascar,-19.4,47.1,,Indian/Antananarivo
マラウイ,Malawi,-14.3,34.4,,Africa/Blantyre
マレーシア,Malaysia,4.3,107.1,,Asia/Kuala_Lumpur
モルジブ,Maldives,8.3,70,,Indian/Maldives
マリ,Mali,18.1,-1.1,,Africa/Bamako
マルタ,Malta,34.4,16.3,,Europe/Malta
マーシャル諸島,Marshall Islands,10.4,169.19,,Pacific/Majuro
マルティニク島,Martinique,14.37,-61.22,,America/Martinique
モーリタニア,Mauritania,20.1,-11.4,,Africa/Nouakchott
モーリシャス,Mauritius,-21.1,59.1,,Indian/Mauritius
メキシコ,Mexico,23.3,-102.4,,America/Monterrey
ミクロネシア,Micronesia,6.49,146,,GMT+11:00
モルドバ,Moldova,47.19,28.3,,Europe/Tiraspol
モナコ公国,Monaco,43.44,7.25,,Europe/Monaco
モンゴル,Mongolia,46.19,101.49,,Asia/Ulaanbaatar
モロッコ,Morocco,32,-8.1,,Africa/Casablanca
モザンビーク,Mozambique,-18,35.1,,Africa/Maputo
ミャンマー,Myanmar,21.1,96,,GMT+06:30
ナミビア,Namibia,-19,16.19,,Africa/Windhoek
ナウル,Nauru,-2.4,165.3,,Pacific/Nauru
ネパール,Nepal,28.19,84,,GMT+05:45
オランダ,Netherlands,53.1,5.3,,MET
オランダ領アンティル,NetherlandsAntilles,12.3,-69,,
ニューカレドニア,New Caledonia,-22,164,,Pacific/Noumea
ニュージーランド,New Zealand,-41.3,172.4,,Pacific/Auckland
ニカラグア,Nicaragua,13,-85.1,,America/Managua
ニジェール,Niger,15.3,10.1,,Africa/Niamey
ナイジェリア,Nigeria,9.3,6.19,,Africa/Lagos
北朝鮮,North Korea,41,127.3,,ROK
北極,North Pole,87,180,,
ノルウェー,Norway,62.49,10.1,,Europe/Oslo
オマーン,Oman,22,57.19,,Asia/Muscat
パキスタン,Pakistan,28,65,,Asia/Karachi
パラオ,Palau,7,135,,Pacific/Palau
パナマ,Panama,7.49,-80.4,,America/Panama
パプアニューギニア,Papua New Guinea,-6,144.3,,Pacific/Port_Moresby
パラグアイ,Paraguay,-20.4,-60,,America/Asuncion
ペルー,Peru,-9.1,-75.4,,America/Lima
フィリピン,Philippines,15.4,121.1,,Asia/Manila
ポーランド,Poland,52.1,20,,MET
ポルトガル,Portugal,40.3,-8.3,,Europe/Lisbon
プエルトリコ,Puerto Rico,17.3,-66.3,,America/Puerto_Rico
カタール,Qatar,25.3,51.1,,Asia/Qatar
コンゴ共和国,Rep.of Congo,-2.4,14.1,,GMT+03:00
セイシェル,Rep.of Seychelles,-4.3,56,,Australia/Victoria
レユニオン,Reunion,-21.3,55,,Indian/Reunion
ルーマニア,Romania,46.3,24.49,,Europe/Bucharest
ロシア連邦,Russian Federation,60,80.1,,W-SU
ルワンダ,Rwanda,-1.3,29.49,,Africa/Kigali
セントクリストファー・ネイビス,Saint Christopher & Nevis,17,62.5,,
セントルシア,Saint Lucia,14.19,-60,,
セント・ビンセント,Saint Vincent,13.2,-61.3,,
サンマリノ,San Marino,43.55,12.28,,Europe/San_Marino
サントメプリンシペ,Sao Tome & Principe,0.4,3.4,,Africa/Sao_Tome
サウジアラビア,Saudi Arabia,23.19,45.19,,Asia/Riyadh
セネガル,Senegal,16,-14.4,,Africa/Dakar
セィシェル,Seychelles,-7.4,53.4,,Australia/Victoria
シエラレオネ,Sierra Leone,7.1,-12,,Africa/Freetown
シンガポール,Singapore,1.17,103.51,,Asia/Singapore
スロバキア,Slovakia,49,19.3,,Europe/Bratislava
スロベニア,Slovenia,46.1,14.3,,MET
ソロモン諸島,Solomon Islands,-11,163.1,,SST
ソマリア,Somalia,8.49,47.19,,Africa/Mogadishu
南アフリカ,South Africa,-27.3,24.4,,Africa/Johannesburg
スペイン,Spain,41.19,-3.1,,Europe/Madrid
スリランカ,Sri Lanka,7.19,80.49,,Asia/Colombo
スーダン,Sudan,14.3,30.1,,EET
スリナム,Suriname,3.49,-55.4,,America/Paramaribo
スワジランド,Swaziland,-26.4,32,,Africa/Mbabane
スウェーデン,Sweden,61.19,16.19,,Europe/Stockholm
スイス,Swiss,46.49,8.1,,Europe/Zurich
シリア,Syria,34.3,38.3,,Asia/Damascus
タジキスタン,Tadzhikistan,38.1,70.1,,Asia/Dushanbe
台湾,Taiwan,23.49,122,,Asia/Taipei
タンザニア,Tanzania,-7,37,,Africa/Dar_es_Salaam
タイ,Thailand,15.1,101.4,,Asia/Bangkok
トーゴ,Togo,8.49,1,,Africa/Lome
トンガ,Tonga,-18.3,-176,,Pacific/Tongatapu
トリニダード・トバゴ,Trinidad & Tobago,11.1,-60,,America/Port_of_Spain
チュニジア,Tunisia,35.5,10.13,,Africa/Tunis
トルコ,Turkey,39.3,38.3,,Europe/Istanbul
トルクメニスタン,Turkmenistan,39.49,57.49,,Asia/Ashkhabad
ツバル,Tuvalu,-7,178.3,,Pacific/Funafuti
ウガンダ,Uganda,3.1,32,,Africa/Kampala
ウクライナ,Ukraine,49.19,32,,Europe/Kiev
アラブ首長国連邦,United Arab Emirates,23.4,53.4,,GMT+04:00
イギリス,United Kingdom,55.1,-2.3,,GMT
ウルグアイ,Uruguay,-31.4,-55,,America/Montevideo
アメリカ,USA,42,-104.1,,CST
ウズベキスタン,Uzbekistan,42,62,,Asia/Tashkent
バヌアツ,Vanuatu,-19.3,170,,GMT+11:00
バチカン市国,Vatican,41.49,12.19,,Europe/Vatican
ベネズエラ,Venezuela,8.3,-66.4,,America/Caracas
ベトナム,Vietnam,14.19,108.4,,GMT+07:00
バージン諸島[イギリス領],VirginIslandsUK,18.35,-64.15,,
バージン諸島[アメリカ領],VirginIslandsUS,18.1,-64.45,,
西サハラ,Western Sahara,25,-15,,UTC
西サモア,Western Samoa,-14,-178,,Pacific/Apia
イエメン,Yemen,16.3,48.19,,GMT+03:00
ユーゴスラビア連邦,Yugoslavia,44,20.4,,GMT-01:00
ザンビア,Zambia,-14,26.49,,Africa/Lusaka
ジンバブエ,Zimbabwe,-18.4,29.1,,Africa/Harare
カブール,Kabul,34.29002,69.11002,アフガニスタン,Asia/Kabul
カンダハール,Qandahar,31.35,65.45,アフガニスタン,Asia/Kabul
ヘラート,Herat,34.2,62.103,アフガニスタン,Asia/Kabul
コンドゥーズ,Qonduz,36.45,68.51,アフガニスタン,Asia/Kabul
バグラーン,Baghlan,36.11,68.433,アフガニスタン,Asia/Kabul
ティラナ,Tirane,41.2,19.49001,アルバニア,Europe/Tirane
シュコダル,Shkoder,42.03,19.14002,アルバニア,MET
ブロラ,Vlore,40.29,19.29,アルバニア,MET
コルチャ,Korce,40.38,20.45299,アルバニア,MET
オラン,Oran,35.433,-0.36598,アルジェリア,GMT+01:00
コンスタンティーヌ,Constantine,36.21,6.38002,アルジェリア,GMT+01:00
アンナーバ,Annaba,36.55001,7.46,アルジェリア,GMT+01:00
ブリーダ,Blida,36.27302,2.49,アルジェリア,GMT+01:00
スキクダ,Skikda,36.52,6.53298,アルジェリア,GMT+01:00
ビスクラ,Biskra,34.5,5.403,アルジェリア,GMT+01:00
トレムセン,Tlemcen,34.523,-1.20002,アルジェリア,GMT+01:00
ブジャーヤ,Bejaia,36.463,5.013,アルジェリア,GMT+01:00
ベシャール,Bechar,31.36,-2.14301,アルジェリア,GMT+01:00
アルジェ,Alger,36.47298,2.59002,アルジェリア,GMT+01:00
パゴパゴ,Pago Pago,-14.16001,-170.42,アメリカ領サモア,Pacific/Pago_Pago
アンドララベリャ,Andorra La vella,42.3,1.3,アンドラ,MET
ルアンダ,Luanda,-8.493,13.15,アンゴラ,Africa/Luanda
フアンボ,Huambo,-12.45,15.45,アンゴラ,Africa/Luanda
ロビト,Lobito,-12.21,13.35002,アンゴラ,Africa/Luanda
あすか観測拠点,Asuka,-71.3,23,南極,
ケーシー基地,Casey,-67.1,112,南極,Antarctica/Casey
デーヴィス基地,Davis,-68,79.3,南極,Antarctica/Davis
エイツ基地,Eights,-74,-75,南極,
ヘネラルベルグラーノ基地,General Belgrano,-78,-38,南極,
ハリーベイ基地,Hally Bay,-76,-30,南極,
モーソン基地,Mawson,-67.49,62,南極,Antarctica/Mawson
ミールヌイ基地,Mirny,-67.1,93,南極,
パーマー基地,Palmer,-65,-63,南極,Antarctica/Palmer
サナエ基地,Sanae,-71,-3,南極,
スコット基地,Scott,-78,168,南極,
昭和基地,Showa,-69,40,南極,Antarctica/Syowa
南極点,South Pole,-90,0,南極,Antarctica/South_Pole
ボストーク基地,Vostok,-78.3,94,南極,Antarctica/Vostok
セントジョンズ,St.johns,17.07,-61.50298,アンティグア・バーブーダ,America/St_Johns
ブエノスアイレス,Buenos Aires,-34.39,-58.283,アルゼンチン,America/Buenos_Aires
コルトバ,Cordoba,-31.25,-64.11,アルゼンチン,America/Cordoba
ロサリオ,Rosario,-33.00302,-60.41301,アルゼンチン,America/Rosario
ラプラタ,La Plata,-34.52001,-57.553,アルゼンチン,AGT
サンファン,San Juan,-31.32298,-68.313,アルゼンチン,America/Argentina/San_Juan
サルタ,Salta,-24.45302,-65.253,アルゼンチン,AGT
バイアブランカ,Bahia Blanca,-38.433,-62.15302,アルゼンチン,AGT
レシステンシア,Resistencia,-27.253,-59,アルゼンチン,AGT
コリエンテス,Corrientes,-27.28001,-58.48,アルゼンチン,AGT
パラナ,Parana,-31.45299,-60.30598,アルゼンチン,AGT
ポサダス,Posadas,-27.24299,-55.54,アルゼンチン,AGT
メンドサ,Mendoza,-32.493,-68.51,アルゼンチン,America/Mendoza
マールデルプラタ,Mar Del plata,-38,-57.3,アルゼンチン,America/Mendoza
ウスワイア,Ushuaia,-55.1,-68.3,アルゼンチン,America/Argentina/Ushuaia
ネウケン,Neuquen,-40.46152,-64.34012,アルゼンチン,America/Argentina/Ushuaia
コモドロ・リバダビア,Comodoro Rivadavia,-45.47355,-67.35398,アルゼンチン,America/Argentina/Ushuaia
エレバン,Erevan,40.103,44.31,アルメニア,NET
キーロバカン,Kirovakan,40.48302,44.29298,アルメニア,NET
シドニー,Sydney,-33.526,151.1,オーストラリア,Australia/Sydney
メルボルン,Melbourne,-37.466,144.58,オーストラリア,Australia/Melbourne
ブリスベーン,Brisbane,-27.3,153.013,オーストラリア,Australia/Brisbane
パース,Perth,-31.58,115.503,オーストラリア,Australia/Perth
アデレード,Adelaide,-34.556,138.36,オーストラリア,Australia/Adelaide
ニューカスル,Newcastle,-32.5234,151.4549,オーストラリア,Australia/Adelaide
キャンベラ,Canberra,-35.166,149.073,オーストラリア,Australia/Canberra
ウランゴング,Wollongong,-34.2349,150.5302,オーストラリア,Australia/Canberra
ダービー,Derby,-17.07,123.46,オーストラリア,Australia/Canberra
ゴールドコースト,Gold Coast,-27.593,153.203,オーストラリア,Australia/Canberra
ホバート,Hobart,-42.533,147.173,オーストラリア,Australia/Hobart
ジロング,Geelong,-38.073,144.21,オーストラリア,Australia/Darwin
タウンズビル,Townsville,-19.183,146.46,オーストラリア,Australia/Darwin
ダーウィン,Darwin,-12.28,130.5,オーストラリア,Australia/Darwin
アルバニー,Albany,-35,118,オーストラリア,Australia/Darwin
アリススプリングス,Alice Springs,-23.45,133.5,オーストラリア,Australia/Darwin
エアーズロック,Ayers Rock,-25.21,131.02,オーストラリア,Australia/Darwin
オルグ,The Olgas,-25.18,130.14,オーストラリア,Australia/Darwin
バララット,Ballarat,-37.4,143.4,オーストラリア,Australia/Darwin
バーダム,Birdum,-16,133,オーストラリア,Australia/Darwin
ブルーム,Broome,-17.4,122.3,オーストラリア,Australia/Darwin
ケアンズ,Cairns,-16.541,145.4212,オーストラリア,Australia/Darwin
クックタウン,CookTown,-15.2725,145.0958,オーストラリア,Australia/Darwin
カーナーヴォン,Carnavon,-25,114,オーストラリア,Australia/Darwin
クック,Cook,-30.3,130,オーストラリア,Australia/Darwin
ダンピア,Danpia,-21.3,116.1,オーストラリア,Australia/Darwin
エスペランス,Esperance,-33.3,122,オーストラリア,Australia/Darwin
ユークラ,Eucla,-31.3,129,オーストラリア,Australia/Darwin
エア,Eyre,-32.1,126,オーストラリア,Australia/Darwin
フォレスト,Forrest,-30.4,128,オーストラリア,Australia/Darwin
ジェラルトン,Geraldton,-29.1,115,オーストラリア,Australia/Darwin
カルグーリ,Kalgoorlie,-30.4,121.3,オーストラリア,Australia/Darwin
レオノーラ,Leonore,-29,121,オーストラリア,Australia/Darwin
マウントアイザ,Mount Isa,-20.3,139.3,オーストラリア,Australia/Darwin
マウントニューマン,Mount Newman,-23.1,120,オーストラリア,Australia/Darwin
ノーマントン,Normanton,-18,141,オーストラリア,Australia/Darwin
ピノング,Penong,-31.4,132.3,オーストラリア,Australia/Darwin
ポートオーガスタ,Port Augusta,-32.3101,137.5127,オーストラリア,Australia/Darwin
ポートヘッドランド,Port Hedland,-20.3,119,オーストラリア,Australia/Darwin
ポートピリー,Port Pirle,-33.1234,137.5947,オーストラリア,Australia/Darwin
サマセット,Someset,-10.4747,142.2741,オーストラリア,Australia/Darwin
ヤンピ　サウンド,Yampi Sound,-16.27,123.5,オーストラリア,Australia/Darwin
グラーツ,Graz,47.043,15.24,オーストリア,MET
リンツ,Linz,48.17301,14.163,オーストリア,MET
ザルツブルク,Salzburg,47.48302,13.03,オーストリア,MET
インスブルック,Innsbruck,47.15299,11.24302,オーストリア,MET
クラーゲンフルト,Klagenfurt,46.38,14.18299,オーストリア,MET
ウィーン,Wien,48.12,16.22001,オーストリア,MET
バクー,Baku,40.223,49.52,アゼルバイジャン,Asia/Baku
スムガイト,Sumgait,40.35449,49.37451,アゼルバイジャン,Asia/Baku
キーロババード,Kirovabad,40.39302,46.21302,アゼルバイジャン,Asia/Baku
ミンゲチャウル,Mingechaur,40.45,47.03302,アゼルバイジャン,Asia/Baku
ナッソー,Nassau,25.02298,-77.21299,バハマ,America/Nassau
マナーマ,Manama,26,50.32,バーレーン,GMT+03:00
チッタゴン,Chittagong,22.2,91.48,バングラデシュ,Asia/Dhaka
クルナ,Khulna,22.48302,89.32301,バングラデシュ,Asia/Dhaka
ナーラーヤンガンジ,Narayanganj,23.36302,90.283,バングラデシュ,Asia/Dhaka
ミーメンシング,Mymensingh,24.44298,90.23002,バングラデシュ,Asia/Dhaka
クミッラ,Comilla,23.26301,91.11301,バングラデシュ,Asia/Dhaka
バリサール,Barisal,22.41,90.22,バングラデシュ,Asia/Dhaka
ダッカ,Dhaka,23.44002,90.23002,バングラデシュ,Asia/Dhaka
サイドプル,Saidpur,25.48428,88.28502,バングラデシュ,Asia/Dhaka
ランプル,Rangpur,25.47236,88.59546,バングラデシュ,Asia/Dhaka
シルヘット,Sylhet,24.52062,92.00295,バングラデシュ,Asia/Dhaka
パブナ,Pabna,24.0318,89.58192,バングラデシュ,Asia/Dhaka
ラジシャヒ,Rajshahi,24.25552,88.56056,バングラデシュ,Asia/Dhaka
ブリッジダウン,Bridgetown,13.06,-59.37001,バルバドス,GMT-04:00
ミンスク,Minsk,53.51302,27.3,ベラルーシ,Europe/Minsk
ゴメリ,Gomer,52.253,30.59449,ベラルーシ,Europe/Minsk
ヴィテブスク,Vitebsk,55.11449,30.11,ベラルーシ,Europe/Minsk
モギリョフ,Mogilyov,53.53449,30.20002,ベラルーシ,Europe/Minsk
ボリソフ,Borisov,54.133,28.2915,ベラルーシ,Europe/Minsk
グロドノ,Grodno,53.40451,23.50298,ベラルーシ,Europe/Minsk
バラノビチ,Baranovichi,53.08,26.01451,ベラルーシ,Europe/Minsk
ボブルイスク,Bobruysk,53.07451,29.10001,ベラルーシ,Europe/Minsk
ブレスト,Brest,52.07,23.42302,ベラルーシ,Europe/Minsk
オルシャ,Orsha,54.29002,30.23002,ベラルーシ,Europe/Minsk
ピンスク,Pinsk,52.07001,26.03,ベラルーシ,Europe/Minsk
モズイリ,Mozyr,52.02298,29.12,ベラルーシ,Europe/Minsk
シャールロア,Charleroi,50.25001,4.26298,ベルギー,MET
リエージュ,Liege,50.373,5.35298,ベルギー,MET
ブリュージュ,Bruges,51.12302,3.13,ベルギー,MET
ナミュール,Namur,50.28001,4.51,ベルギー,MET
ブリュッセル,Bruxelles,50.5,4.21,ベルギー,MET
アントワープ,Antwerp,51.13001,4.253,ベルギー,MET
ベルモパン,Belmopan,17.12302,-88.48598,ベリーズ,GMT-06:00
コトヌー,Cotonou,6.23298,2.29301,ベナン,GMT+01:00
ポルトノボ,Portonovo,6.31,2.44298,ベナン,GMT+01:00
ティンプー,Thimphu,27.32,89.403,ブータン,Asia/Thimphu
ターシガン,Tashigang,27.19473,91.3157,ブータン,Asia/Thimphu
トンサ,Tongsa,27.42133,90.53514,ブータン,Asia/Thimphu
デワンギリ,Dewangiri,27.0121,91.4,ブータン,Asia/Thimphu
ラパス,La Paz,-16.29002,-68.10001,ボリビア,America/La_Paz
サンタクルス,Santa Cruz,-17.45302,-63.12598,ボリビア,America/La_Paz
コチャバンバ,Cochabamba,-17.24299,-66.09302,ボリビア,America/La_Paz
オルロ,Oruro,-17.57299,-67.08298,ボリビア,America/La_Paz
スクレ,Sucre,-19.043,-65.15302,ボリビア,America/La_Paz
ポトシ,Potosi,-19.33302,-65.45,ボリビア,America/La_Paz
バニャ・ルカ,Banja Luka,44.46001,17.103,ボスニア・ヘルツェゴビナ,MET
モスタール,Mostar,43.2,17.50002,ボスニア・ヘルツェゴビナ,MET
サラエボ,Sarajebo,43.52001,18.25451,ボスニア・ヘルツェゴビナ,MET
ハボローネ,Gaborone,-24.44002,25.54302,ボツワナ,Africa/Gaborone
パラピエ,Palapye,-22.3421,27.1039,ボツワナ,Africa/Gaborone
フランシスタウン,Francistown,-21.23269,27.28383,ボツワナ,Africa/Gaborone
カンジ,Ghanzi,-21.3604,21.46325,ボツワナ,Africa/Gaborone
ツァウ,Tsau,-20.06518,22.12068,ボツワナ,Africa/Gaborone
マウン,Maun,-19.50373,23.41517,ボツワナ,Africa/Gaborone
サンパウロ,Sao Paulo,-23.32298,-46.38002,ブラジル,America/Sao_Paulo
ベロオリゾンテ,Belo Horizonte,-19.553,-43.54299,ブラジル,America/Sao_Paulo
フォルタレザ,Fortaleza,-3.45598,-38.33598,ブラジル,America/Fortaleza
クリティバ,Curitiba,-25.24,-49.21,ブラジル,America/Fortaleza
レシフェ,Recife,-8.06302,-34.53298,ブラジル,America/Recife
ポルトアレグレ,Porto Alegre,-30.03598,-51.08301,ブラジル,America/Recife
ベレン,Belem,-1.26002,-48.27,ブラジル,America/Belem
マナウス,Manaus,-3.05298,-60.00302,ブラジル,America/Manaus
ゴイアニア,Goiania,-16.403,-49.17002,ブラジル,America/Manaus
カンピナス,Campinas,-22.54,-47.043,ブラジル,America/Manaus
サン・ルイス,Sao Luis,-2.33302,-44.163,ブラジル,America/Manaus
ナタール,Natal,-5.47298,-35.133,ブラジル,America/Manaus
マセイオ,Maceio,-9.38301,-35.43001,ブラジル,America/Maceio
テレジナ,Teresina,-5.06299,-42.47002,ブラジル,America/Maceio
サントス,Santos,-23.57302,-46.18,ブラジル,America/Maceio
ジョアン・ペソア,Joao Pessoa,-7.09,-34.523,ブラジル,America/Maceio
カンポグランデ,Campo Grande,-20.27,-54.37001,ブラジル,America/Campo_Grande
カンポス,Campos,-21.45,-41.18598,ブラジル,America/Campo_Grande
アラカジュ,Aracaju,-10.54302,-37.05301,ブラジル,America/Campo_Grande
ロンドリナ,Londrina,-23.18,-51.103,ブラジル,America/Campo_Grande
ソロカバ,Sorocaba,-23.283,-47.29298,ブラジル,America/Campo_Grande
ウベルランディア,Uberlandia,-18.56298,-48.15598,ブラジル,America/Campo_Grande
カンピナグランデ,Campina Grande,-7.15,-35.51598,ブラジル,America/Campo_Grande
ジョインビル,Joinville,-26.18,-48.53298,ブラジル,America/Campo_Grande
ペロタス,Pelotas,-31.46001,-52.21299,ブラジル,America/Campo_Grande
ウベラバ,Uberaba,-19.45598,-47.553,ブラジル,America/Campo_Grande
バウル,Bauru,-22.19001,-49.06302,ブラジル,America/Campo_Grande
ピラシカバ,Piracicaba,-22.44002,-47.37599,ブラジル,America/Campo_Grande
ボルタ・レドンダ,Volta Redonda,-22.32298,-44.08002,ブラジル,America/Campo_Grande
ゴベルナドル・バラダレス,Governador Valadares,-18.51,-41.553,ブラジル,America/Campo_Grande
ポンタ・グロッサ,Ponta Grossa,-25.05298,-50.09,ブラジル,America/Campo_Grande
クイアバ,Cuiaba,-15.33598,-56.06299,ブラジル,America/Cuiaba
アナポリス,Anapolis,-16.18299,-48.57,ブラジル,America/Cuiaba
マリンガ,Maringa,-23.25001,-51.58001,ブラジル,America/Cuiaba
フロリアノポリス,Florianopolis,-27.34599,-48.32301,ブラジル,America/Cuiaba
モンテス・クラロス,Montes Claros,-16.433,-43.51302,ブラジル,America/Cuiaba
サンタ・マリア,Santa Maria,-29.40599,-53.48,ブラジル,America/Cuiaba
サルヴァドル,Salvador,-12.57302,-38.283,ブラジル,America/Cuiaba
リオデジャネイロ,Rio De janeiro,-22.53,-43.17,ブラジル,America/Cuiaba
ブラジリア,Brasilia,-15.47298,-47.53002,ブラジル,America/Cuiaba
バンダル・スリ・ブガワン,Bandar Seri Begawan,4.55,114.56,ブルネイ,Asia/Brunei
セリア,Seria,4.34293,114.1904,ブルネイ,Asia/Brunei
プロブジフ,Plovdiv,42.1,24.45302,ブルガリア,EET
バルナ,Varna,43.13,27.56298,ブルガリア,EET
ブルガス,Burgas,42.31,27.29,ブルガリア,EET
スタラザゴラ,Stara Zagora,42.26002,25.37001,ブルガリア,EET
プレベン,Pleven,43.253,24.39302,ブルガリア,EET
トルブヒン,Tolbukhin,43.35002,27.51,ブルガリア,EET
スリベン,Sliven,42.403,26.20301,ブルガリア,EET
シュメン,Shumen,43.17298,26.56301,ブルガリア,EET
ペルニク,Pernik,42.38002,23.03,ブルガリア,EET
ハスコボ,Khaskovo,41.58,25.33,ブルガリア,EET
ガブロボ,Gabrovo,42.53301,25.193,ブルガリア,EET
パザルジク,Pazardzhik,42.12302,24.21,ブルガリア,EET
ソフィア,Sofiya,42.42,23.18302,ブルガリア,EET
ワガドゥーグー,Ouagadougou,12.193,-1.403,ブルキナファソ,Africa/Ouagadougou
ボボ・デュラッソ,Bobo Dioulasso,11.19041,-4.2109,ブルキナファソ,Africa/Ouagadougou
ドリ,Dori,14.13332,0,ブルキナファソ,Africa/Ouagadougou
カンチャリ,Kantchari,12.44136,1.33565,ブルキナファソ,Africa/Ouagadougou
パーマ,Pama,11.23553,0.44546,ブルキナファソ,Africa/Ouagadougou
バンフォラ,Banfora,10.34134,-4.44463,ブルキナファソ,Africa/Ouagadougou
ブジュンブラ,Bujumbura,-3.22001,29.20002,ブルンジ,Africa/Bujumbura
プノンペン,Phnompenh,11.35,104.54,カンボジア,GMT+07:00
シエムリアプ,Siem Reap,13.25458,103.5324,カンボジア,GMT+07:00
シアヌークビル,Sihanoukville,10.36389,103.4152,カンボジア,GMT+07:00
ドゥアラ,Douala,4.04001,9.433,カメルーン,Africa/Douala
ヤウンデ,Yaounde,3.51,11.31001,カメルーン,Africa/Douala
カルガリー,Calgary,51.03,-114.123,カナダ,America/Winnipeg
ウィニペグ,Winnipeg,49.56298,-97.11002,カナダ,America/Winnipeg
エドモントン,Edmonton,53.35301,-113.3,カナダ,America/Edmonton
ロンドン,London,42.59,-81.14,カナダ,America/Edmonton
ウィンザー,Windsor,42.15,-83,カナダ,America/Edmonton
サスカトゥーン,Saskatoon,52.06302,-106.426,カナダ,America/Edmonton
レジャイナ,Regina,50.27302,-104.363,カナダ,America/Regina
ケベック,Quebec,46.51,-71.18302,カナダ,America/Regina
ハリファックス,Halifax,44.38298,-63.42302,カナダ,America/Halifax
サンダーベイ,Thunder Bay,48.23,-89.17298,カナダ,America/Thunder_Bay
サドベリー,Sudbury,46.253,-81.02298,カナダ,America/Thunder_Bay
シャーブルック,Sherbrooke,45.22001,-71.54302,カナダ,America/Thunder_Bay
ヴィクトリア,Victoria,48.25,-123.22,カナダ,Australia/Victoria
トロア・リビエール,Trois Rivieres,46.20002,-72.373,カナダ,Australia/Victoria
ハミルトン,Hamilton,43.15,-79.5,カナダ,Australia/Victoria
モントリオール,Montreal,45.31,-73.35298,カナダ,America/Montreal
チャーチル,Churchill,59,-93,カナダ,America/Montreal
コッパーマイン,Coppermine,67.3,-117,カナダ,America/Montreal
フォートチモー,Fort Chimo,58,-68,カナダ,America/Montreal
ヘイリヴァー,Hay River,60.3,-117,カナダ,America/Montreal
レゾリュート,Resolute,75,-95,カナダ,America/Montreal
サグルーク,Saglouc,62,-76,カナダ,America/Montreal
オタワ,Ottawa,45.21,-75.463,カナダ,America/Montreal
トロント,Toronto,43.42,-79.26301,カナダ,America/Toronto
バンクーバー,Vancouver,49.133,-123.023,カナダ,America/Vancouver
バンフ,Banff,51,-115.3,カナダ,America/Vancouver
ジャスパー,Jasper,53,-118,カナダ,America/Vancouver
セントジョーンズ,St.john's,47.34,-52.43,カナダ,America/Vancouver
ラスパルマス,Las Palmas,28.08298,-15.26298,カナリア諸島,GMT
プライア,Praia,14.55001,-23.3,カーボベルデ,GMT-01:00
バンギ,Bangui,4.24,18.37001,中央アフリカ,Africa/Bangui
ブアール,Bouar,6.04473,15.31329,中央アフリカ,Africa/Bangui
バンバリ,Bambari,5.49142,20.42011,中央アフリカ,Africa/Bangui
ゼミオ,Zemio,5.06122,25.01052,中央アフリカ,Africa/Bangui
ビラオ,Birao,10.11143,22.36166,中央アフリカ,Africa/Bangui
ンジャメナ,Ndjamena,12,15,チャド,Africa/Ndjamena
アベシェ,Abeche,13.47481,20.5642,チャド,Africa/Ndjamena
ズアール,Zouar,20.30144,16.22361,チャド,Africa/Ndjamena
ファダ,Fada,16.55228,22.0206,チャド,Africa/Ndjamena
ムンドゥー,Moundou,8.44233,16.06072,チャド,Africa/Ndjamena
サール,Sarh,9.21443,18.20254,チャド,Africa/Ndjamena
バルパライソ,Valparaiso,-33.05298,-71.38002,チリ,America/Santiago
コンセプシオン,Concepcion,-36.49599,-73.03302,チリ,America/Santiago
タルカワノ,Talcahuano,-36.403,-73.09302,チリ,America/Santiago
テムコ,Temuco,-38.45,-72.39,チリ,America/Santiago
アントファガスタ,Antofagasta,-23.39302,-70.21299,チリ,America/Santiago
ランカグア,Rancagua,-34.10001,-70.45,チリ,America/Santiago
アリカ,Arica,-18.29298,-70.193,チリ,America/Santiago
タルカ,Talca,-35.26002,-71.39302,チリ,America/Santiago
チヤン,Chillan,-36.37001,-72.10001,チリ,America/Santiago
サンティアゴ,Santiago,-33.27302,-70.403,チリ,America/Santiago
オソルノ,Osorno,-40.35301,-73.09598,チリ,America/Santiago
バルディビア,Valdivia,-39.47298,-73.14298,チリ,America/Santiago
プンタアレナス,Punta Arenas,-53.09,-70.55,チリ,America/Santiago
福建省,フーチェン,27.1,118,中国,CTT
福州,Fuzhou,26.05298,119.183,中国,CTT
厦門,Xiamen,24.27,118.05,中国,CTT
泉州,Quangzhou,24.55,118.36,中国,CTT
章州,Zhangzhou,24.31,117.4,中国,CTT
南平,Nanpin,26.38,118.1,中国,CTT
三明,Sanmin,26.13,117.36,中国,CTT
龍岩,Ronyen,25.07,117.01,中国,CTT
浙江省,チョーチァン,29.4,119.4,中国,CTT
杭州,Hangzhou,30.15302,120.073,中国,CTT
湖州,Fuzhou,30.52,120.06,中国,CTT
寧波,Ningbo,29.53301,121.32,中国,CTT
金華,Jinpha,29.12,119.59,中国,CTT
シャオシン,Shaoxing,30,120.3,中国,CTT
嘉興,Jiaxing,30.46001,120.443,中国,CTT
温州,Wenzhou,27.59301,120.373,中国,CTT
安吉,Anji,30.38,119.41,中国,CTT
衢州,Chouzhou,28.57,118.53,中国,CTT
台州,Thaizhou,28.41,121.27,中国,CTT
上海市,シャンハィ,31.15,121.3,中国,CTT
上海,Shanghai,31.06,121.22,中国,Asia/Shanghai
江蘇省,チャンスー,33.15,119.45,中国,CTT
南京,Nanking,32.03,118.47,中国,CTT
揚州,Yangzhou,32.24302,119.273,中国,CTT
鎮江,Zhenjiang,32.12,119.26,中国,CTT
常州,Changzhou,31.48,119.56,中国,CTT
南通,Nantong,32.02,120.54,中国,CTT
無錫,Wuxi,31.35,120.163,中国,CTT
蘇州,Suzhou,31.18302,120.363,中国,CTT
連雲港,Lianyungang,34.4,119.123,中国,CTT
徐州,Xuzhou,34.15302,117.1,中国,CTT
山東省,シャントン,35.47,118.23,中国,CTT
済南,Jinan,36.4,116.57,中国,CTT
青島,Qingdao,36.06302,120.153,中国,CTT
煙台,Yantai,37.32298,121.193,中国,CTT
ツーポー,Zibo,36.49,118.01,中国,CTT
ウェイファン,Weifang,36.42302,119.05,中国,CTT
ツァオチョワン,Zaozhuang,34.53298,117.35,中国,CTT
済寧,Jining,35.253,116.36,中国,CTT
天津市,テンチン,39.26,117.22,中国,CTT
天津,Tianjin,39.08,117.12,中国,CTT
北京市,ペキン,40.18,116.31,中国,CTT
北京,Beijing,39.55,116.26,中国,CTT
河北省,ホーペイ,41.23,116.41,中国,CTT
唐山,Tangshan,39.37,118.103,中国,CTT
張家口,Zhangjiakou,40.51,114.5,中国,CTT
邯台,Handan,36.38002,114.26,中国,CTT
石家荘,Shijiazhuang,38.02002,114.283,中国,CTT
承徳,Chengde,41.01001,117.5,中国,CTT
保定,Baoding,38.51302,115.28,中国,CTT
遼寧省,リャオニン,41.35,122,中国,CTT
大連,Dalian,38.53,121.35,中国,CTT
シェンヤン,Shenyang,41.5,123.26,中国,CTT
撫順,Fushun,41.53301,123.523,中国,CTT
鞍山,Anshan,41.08298,122.59,中国,CTT
鉄嶺,Tieling,42.18,123.49,中国,CTT
本渓,Benxi,41.18302,123.453,中国,CTT
阜新,Fuxin,42.043,121.443,中国,CTT
錦州,Jinzhou,41.08301,121.08,中国,CTT
営口,Yingkou,40.41002,122.13,中国,CTT
吉林省,チーリン,42.4,127,中国,CTT
長春,Changshun,43.53,125.19,中国,CTT
吉林,Jilin,43.51,126.32,中国,CTT
白城,Baicheng,45.373,122.473,中国,CTT
敦化,Dunhua,43.21302,128.12,中国,CTT
通化,Tonghua,41.433,125.543,中国,CTT
四平,Siping,43.11298,124.21,中国,CTT
黒龍江省,ヘイロンチャン,48.4,127.4,中国,CTT
ハルビン,Harbin,45.45,126.41,中国,Asia/Harbin
綏化,Suihua,46.373,126.593,中国,CTT
鶴崗,Hegang,47.223,130.193,中国,CTT
佳木斯,Jiamusi,46.49,130.203,中国,CTT
鶏西,Jixi,45.17,130.563,中国,CTT
牡丹江,Mudanjiang,44.35,129.343,中国,CTT
山西省,シャンシー,36.55,112.1,中国,CTT
太原,Taiyuan,37.55,112.3,中国,CTT
大同,Datong,40.05,113.14,中国,CTT
陽泉,Yangquan,37.52001,113.323,中国,CTT
長治,Changzhi,36.13,113.053,中国,CTT
陜西省,シャンシー,33.4,108.1,中国,CTT
西安,Xian,34.16,108.54,中国,CTT
宝鶏,Baoji,34.24299,107.083,中国,CTT
咸陽,Xianyang,34.223,108.403,中国,CTT
寧夏回族自治区,ニンシァホイツー,37.4,106,中国,CTT
河南省,ホーナン,34,112.5,中国,CTT
チョンチョウ,Zhengzhou,34.48,113.37,中国,CTT
南陽,Nanyang,33.00302,112.303,中国,CTT
開封,Kaifeng,34.50298,114.19,中国,CTT
新郷,Xinxiang,35.193,113.49,中国,CTT
平頂山,Pingdingshan,33.45302,113.153,中国,CTT
洛陽,Luoyang,34.43,112.28,中国,CTT
安徽省,アンフェイ,31,117.25,中国,CTT
ホワイナン,Huainan,32.39,117.003,中国,CTT
合肥,Hefei,31.52,117.17,中国,CTT
蚌埠,Bengbu,32.56301,117.223,中国,CTT
安慶,Anqing,30.32002,117.013,中国,CTT
蕪湖,Wuhu,31.21302,118.22,中国,CTT
江西省,チャンシー,27.4,115.5,中国,CTT
萍郷,Pingxiang,27.38298,113.5,中国,CTT
南昌,Nanchang,28.41298,115.54,中国,CTT
湖北省,フーペイ,31,111.5,中国,CTT
武漢,Wuhan,30.45,114.15,中国,CTT
沙市,Shashi,30.19001,112.14,中国,CTT
襄樊,Xiangfan,32.03,112.023,中国,CTT
黄石,Huangshi,30.13001,115.02,中国,CTT
湖南省,フーナン,28.2,111,中国,CTT
長沙,Changsha,28.11298,112.59,中国,CTT
邵陽,Shaoyang,27.15302,111.27,中国,CTT
湘潭,Xiangtan,27.53002,112.533,中国,CTT
株洲,Zhuzhou,27.50298,113.09,中国,CTT
衡陽,Hengyang,26.54302,112.343,中国,CTT
岳陽,Yueyang,29.223,113.06,中国,CTT
重慶市,チョンチン,30,107.5,中国,CTT
重慶,Chongqing,29.3,106.35,中国,Asia/Chongqing
広東省,カントン,24,114,中国,CTT
香港,Hong Kong,22.25,114.05,中国,Asia/Hong_Kong
九竜,Kowloon,22.2,114.1,中国,CTT
広州,Guangzhou,23.08,113.2,中国,CTT
仏山,Foshan,23.03302,113.063,中国,CTT
韶関,Shaoguan,24.5,113.35,中国,CTT
チャンチアン,Zhanjiang,21.15,110.21,中国,CTT
海南省,ハイナン,19.1,109.43,中国,CTT
海口,Haikou,20.03,110.15,中国,CTT
広西壮族自治区,コワンシーチョワンツー,23.4,108.4,中国,CTT
桂林,Guilin,25.17,110.163,中国,CTT
梧州,Wuzhou,23.31,111.25,中国,CTT
柳州,Liuzhou,24.20002,109.23,中国,CTT
南寧,Nanning,22.49,108.153,中国,CTT
貴州省,コイチョウ,27.1,106.15,中国,CTT
貴陽,Guiyang,26.34,106.42,中国,CTT
遵義,Zunyi,27.403,106.563,中国,CTT
雲南省,ユンナン,24.3,101.3,中国,CTT
昆明,Kunming,25.05,102.41,中国,CTT
箇旧,Gejiu,23.223,103.043,中国,CTT
四川省,スーチョワン,31.1,103,中国,CTT
成都,Chengdu,30.37,104.06,中国,CTT
内江,Neijiang,29.33299,105.013,中国,CTT
自貢,Zigong,29.22,104.463,中国,CTT
宜賓,Yibin,28.47,104.363,中国,CTT
瀘州,Luzhou,28.54302,105.26,中国,CTT
内蒙古自治区,ネイモンクー,43.3,115,中国,CTT
斉斉哈爾,Qiqihar,47.18302,123.58,中国,CTT
通遼,Tongliao,43.373,122.133,中国,CTT
赤峰,Chifeng,42.20002,118.583,中国,CTT
呼和浩特,Hohhot,40.51,111.36,中国,CTT
包頭,Baotou,40.41002,109.52,中国,CTT
甘粛省,カンスー,35,104,中国,CTT
蘭州,Lanzhou,36.03302,103.43,中国,CTT
天水,Tianshui,34.32298,105.503,中国,CTT
ユーメン,Yumen,40,98.3,中国,CTT
青海省,チンハイ,36,96,中国,CTT
西寧,Xining,36.38298,101.493,中国,CTT
新疆維吾爾自治区,シンチャンウイグル,42,85,中国,CTT
ハミ,Hami,42.3,93.3,中国,CTT
ウルムチ,Urumqi,44.1736,86.1408,中国,Asia/Urumqi
カシュガル,Kaxgar,39.3,75.3,中国,CTT
ホータン,Hotan,37,80,中国,CTT
西蔵自治区,シーツァン,31,88,中国,CTT
ラサ,Lhasa,29.3,91,中国,CTT
アルメニア,Armenia,4.313,-75.40599,コロンビア,America/Bogota
カリ,Cali,3.24302,-76.3,コロンビア,America/Bogota
バランキヤ,Barranquilla,11.05301,-74.50298,コロンビア,America/Bogota
カルタヘナ,Cartagena,10.24,-75.32298,コロンビア,America/Bogota
ペレイラ,Pereira,4.47298,-75.44002,コロンビア,America/Bogota
ククタ,C｣cuta,7.55001,-72.313,コロンビア,America/Bogota
ブカラマンガ,Bucaramanga,7.08298,-73.103,コロンビア,America/Bogota
マニサレス,Manizales,5.03,-75.313,コロンビア,America/Bogota
ベヨ,Bello,6.20298,-75.35002,コロンビア,America/Bogota
パスト,Pasto,1.12302,-77.16599,コロンビア,America/Bogota
ネイバ,Neiva,2.56298,-75.163,コロンビア,America/Bogota
サンタ・マルタ,Santa Marta,11.15302,-74.11301,コロンビア,America/Bogota
パルミラ,Palmira,3.33,-76.17002,コロンビア,America/Bogota
ブエナベントゥラ,Buenaventura,3.523,-77.02002,コロンビア,America/Bogota
バエドゥパル,Valledupar,10.29298,-73.15598,コロンビア,America/Bogota
イバゲ,Ibague,4.44002,-75.22599,コロンビア,America/Bogota
サンタフェデボゴタ,Santafe De bogota,4.49,-74.1,コロンビア,America/Bogota
メデリン,Medellin,6.15,-75.35002,コロンビア,America/Bogota
モロニ,Moroni,-11.403,43.163,コモロ,GMT+03:00
ブラザビル,Brazzaville,-4.12,15.133,コンゴ共和国,Africa/Brazzaville
ポアント・ノアール,Pointe-Noire,-4.36209,11.54119,コンゴ共和国,Africa/Brazzaville
サンホセ,San Jose,10.3,-85,コスタリカ,GMT-06:00
アビジャン,Abidjan,5.19,-4.01,コートジボワール,Africa/Abidjan
ブアケ,Bouake,7.42,-5,コートジボワール,Africa/Abidjan
ヤムスクロ,Yamoussoukro,6.51,-5.16599,コートジボワール,Africa/Abidjan
ダロア,Daloa,6.55052,-6.27583,コートジボワール,Africa/Abidjan
コルホゴ,Korhogo,9.37253,-5.48101,コートジボワール,Africa/Abidjan
ザグレブ,Zagreb,45.48,15.5745,クロアチア,Europe/Zagreb
リエカ,Rijeka,45.2,14.27,クロアチア,Europe/Zagreb
スプリト,Split,43.31149,16.28001,クロアチア,Europe/Zagreb
オシイェク,Osijek,45.33151,18.4115,クロアチア,Europe/Zagreb
オルギン,Holguin,20.54,-76.163,キューバ,GMT-05:00
サンタクララ,Santa Clara,22.23301,-79.57302,キューバ,GMT-05:00
シエンフエゴス,Cienfuegos,22.09302,-80.24598,キューバ,GMT-05:00
マタンサス,Matanzas,23.01001,-81.343,キューバ,GMT-05:00
グアンタナモ,Guantanamo,20.043,-75.10001,キューバ,GMT-05:00
ハバナ,Habana,23.05002,-82.22001,キューバ,GMT-05:00
ニコシア,Nicosia,35.09302,33.22,キプロス,Europe/Nicosia
ブルノ,Brno,49.12302,16.39302,チェコ,MET
オストラバ,Ostrava,49.49451,18.14449,チェコ,MET
プルゼニ,Plzen,49.45,13.24302,チェコ,MET
オロモウツ,Olomouc,49.38,17.1545,チェコ,MET
ウースチーナドラベム,Ust｡ nad Labem,50.40001,14.02,チェコ,MET
リベレツ,Liberec,50.48,15.05,チェコ,MET
フラデツ・クラーロベー,Hradec Kralove,50.133,15.5,チェコ,MET
チェスケー・ブジェヨビツェ,Ceske Budejovice,48.59301,14.29,チェコ,MET
パルドゥビツェ,Pardubice,50.03,15.45,チェコ,MET
プラハ,Praha,50.05449,14.26298,チェコ,MET
キンシャサ,Kinshasa,-4.18598,15.18302,コンゴ民主共和国,Africa/Kinshasa
ルブンバシ,Lubumbashi,-11.403,27.283,コンゴ民主共和国,Africa/Lubumbashi
カナンガ,Kananga,-5.523,22.26,コンゴ民主共和国,Africa/Lubumbashi
キサンガニ,Kisangani,0.32298,25.133,コンゴ民主共和国,Africa/Lubumbashi
リカシ,Likasi,-10.57,26.463,コンゴ民主共和国,Africa/Lubumbashi
ブカブ,Bukavu,-2.3,28.48,コンゴ民主共和国,Africa/Lubumbashi
キクウィト,Kikwit,-5.00299,18.51302,コンゴ民主共和国,Africa/Lubumbashi
マタディ,Matadi,-5.48299,13.33299,コンゴ民主共和国,Africa/Lubumbashi
ムバンダカ,Mbandaka,0.03,18.163,コンゴ民主共和国,Africa/Lubumbashi
ムブジマイ,Mbuji Mayi,-6.08002,23.38298,コンゴ民主共和国,Africa/Lubumbashi
オーデンセ,Odense,55.24302,10.22001,デンマーク,America/Thule
エスビアウ,Esbjerg,55.29301,8.26301,デンマーク,America/Thule
ラナース,Randers,56.28001,10.02002,デンマーク,America/Thule
チューレ,Thule,76.34,-68.47,デンマーク,America/Thule
コペンハーゲン,Copenhagen,55.42,12.32298,デンマーク,Europe/Copenhagen
ジブチ,Djibouti,11.35298,43.08002,ジブチ,Africa/Djibouti
ロゾー,Roseau,15.18302,-61.22599,ドミニカ,America/Santo_Domingo
サントドミンゴ,Santo Domingo,18.30302,-69.57,ドミニカ共和国,America/Santo_Domingo
グアヤキル,Guayaquil,-2.12302,-79.54598,エクアドル,America/Guayaquil
キト,Quito,-0.13599,-78.3,エクアドル,America/Guayaquil
クエンカ,Cuenca,-2.53298,-79,エクアドル,America/Guayaquil
アレキサンドリア,Alexandria,31.13,29.55,エジプト,EET
ギーザ,Giza,30.01,31.1,エジプト,EET
ポートサイド,Port Said,31.17298,32.18,エジプト,EET
タンタ,Tanta,30.48,30.59298,エジプト,EET
アシュート,Asyut,27.12299,31.09299,エジプト,EET
スエズ,Suez,29.59,32.31,エジプト,EET
ファイユーム,Al-Fayyum,29.193,30.493,エジプト,EET
ダマンフール,Damanhur,31.03299,30.28001,エジプト,EET
ミニヤー,Al-Minya,28.043,30.463,エジプト,EET
アスワン,Aswan,24.05,32.55,エジプト,EET
ベニ・スエフ,Bani Suwayf,29.06,31.043,エジプト,EET
ルクソール,Luxor,25.41,32.4,エジプト,EET
カイロ,Cairo,30.03302,31.15302,エジプト,Africa/Cairo
ケナ,Qena,26.17514,32.38218,エジプト,EET
ソハーグ,Sohag,26.51068,31.20542,エジプト,EET
マトル,Matruh,31.15148,27.1644,エジプト,EET
サンサルバドル,San Salvador,13.403,-89.11301,エルサルバドル,America/El_Salvador
マラボ,Malabo,3.45,8.47298,赤道ギニア,Africa/Malabo
アスマラ,Asmera,15.19451,38.5315,エリトリア,Africa/Asmera
タリン,Tallinn,59.24302,24.44002,エストニア,Europe/Tallinn
タルトゥ,Tartu,58.21299,26.403,エストニア,Europe/Tallinn
ナルバ,Narva,59.21302,28.103,エストニア,Europe/Tallinn
アディスアベバ,Addis Ababa,9.03,38.5,エチオピア,Africa/Addis_Ababa
ディレ・ダワ,Dire Dawa,9.43563,41.58084,エチオピア,Africa/Addis_Ababa
カラフォ,callafo,5.56391,44.14337,エチオピア,Africa/Addis_Ababa
ワジャーレ,Wajale,9.36515,43.13066,エチオピア,Africa/Addis_Ababa
アディグラト,Adigrat,14.21295,39.24288,エチオピア,Africa/Addis_Ababa
ヤベロ,Yabelo,4.49332,38.14384,エチオピア,Africa/Addis_Ababa
ゴンダル,Gonder,12.25282,37.13048,エチオピア,Africa/Addis_Ababa
デムビ・ドロ,Dembi Dolo,8.44424,34.42155,エチオピア,Africa/Addis_Ababa
スバ,Suva,-18.08298,178.26,フィジー,Pacific/Fiji
ヘルシンキ,Helsinki,60.103,24.56298,フィンランド,Europe/Helsinki
タンペレー,Tampere,61.30299,23.433,フィンランド,EET
ハメーンリンナ,Hameenlinna,60.5803,24.2104,フィンランド,EET
エスポー,Espoo,60.103,24.37,フィンランド,EET
オウル,Oulu,64.59298,25.27299,フィンランド,EET
ロバニエミ,Rovaniemi,66.31458,25.3958,フィンランド,EET
ポリ,Pori,61.27302,21.45,フィンランド,EET
クオピオ,Kuopio,62.53002,27.38002,フィンランド,EET
ユバスキュラ,Jyvaskyla,62.16001,25.47298,フィンランド,EET
コトカ,Kotka,60.283,26.54302,フィンランド,EET
バーサ,Vaasa,63.05298,21.373,フィンランド,EET
トゥルク,Turky,60.26298,22.15302,フィンランド,EET
トゥールーズ,Toulouse,43.373,1.27302,フランス,Europe/Paris
ニース,Nice,43.42302,7.15302,フランス,Europe/Paris
ストラスブール,Strasbourg,48.36,7.45,フランス,Europe/Paris
ナント,Nantes,47.133,-1.34599,フランス,Europe/Paris
ボルドー,Bordeaux,44.5,-0.343,フランス,Europe/Paris
モンペリエ,Montpellier,43.35002,3.51,フランス,Europe/Paris
ルアーブル,Le Havre,49.3,0.073,フランス,Europe/Paris
レンヌ,Rennes,48.06,-1.40599,フランス,Europe/Paris
ランス,Reims,49.15,4.03299,フランス,Europe/Paris
トゥーロン,Toulon,43.08301,5.54299,フランス,Europe/Paris
クレルモン・フェラン,Clermont-Ferrand,45.47,3.06299,フランス,Europe/Paris
ディジョン,Dijon,47.18302,5.03,フランス,Europe/Paris
リモージュ,Limoges,45.51,1.15302,フランス,Europe/Paris
ペルピニャン,Perpignan,42.41,2.53,フランス,Europe/Paris
ルーアン,Rouen,49.27299,1.05,フランス,Europe/Paris
ナンシー,Nancy,48.41298,6.103,フランス,Europe/Paris
カレー,Calais,50.57,1.523,フランス,Europe/Paris
シェルブール,Cherbourg,49.38298,-1.38002,フランス,Europe/Paris
リール,Lille,50.373,3.05301,フランス,Europe/Paris
パリ,Paris,48.523,2.223,フランス,Europe/Paris
リヨン,Lyon,45.463,4.51,フランス,Europe/Paris
マルセイユ,Marseille,43.193,5.223,フランス,Europe/Paris
シャモニー,Chamonix,45.58,6.5,フランス,Europe/Paris
ルマン,Lemans,48.00302,0.11002,フランス,Europe/Paris
サン・ナゼール,Sr.Nazaire,47.20287,-2.11154,フランス,Europe/Paris
ブレスト,Brest,48.24176,-4.24043,フランス,Europe/Paris
アミアン,Amiens,49.54558,2.1505,フランス,Europe/Paris
メッツ,Metz,49.05535,6.06234,フランス,Europe/Paris
ミュルーズ,Mulhouse,47.50366,7.24133,フランス,Europe/Paris
ブザンソン,Besancon,47.13253,5.57436,フランス,Europe/Paris
アヌシー,Annecy,45.52235,6.03029,フランス,Europe/Paris
バイヨンヌ,Bayonne,43.29499,-1.2839,フランス,Europe/Paris
オルレアン,Orleaans,47.55379,1.53481,フランス,Europe/Paris
アンジェ,Angers,47.31304,-0.24018,フランス,Europe/Paris
ロリアン,Lorient,47.50366,-3.3027,フランス,Europe/Paris
カイエンヌ,Cayenne,4.54302,-52.17298,フランス領ギアナ,America/Cayenne
パペーテ,Papeete,-17.32298,-149.333,フランス領ポリネシア,GMT-10:00
リーブルビル,Libreville,0.25,9.253,ガボン,Africa/Libreville
バンジュール,Banjul,13.27302,-16.39,ガンビア,Africa/Banjul
トビリシ,Tbilisi,41.42302,44.47301,グルジア,Asia/Tbilisi
ルスタビ,Rustavi,41.33151,45.02298,グルジア,Asia/Tbilisi
クタイシ,Kutaisi,42.15,42.41002,グルジア,Asia/Tbilisi
バツーミ,Batumi,41.38,41.38,グルジア,Asia/Tbilisi
スフミ,Sukhumi,43.01001,41.01,グルジア,Asia/Tbilisi
ポチ,Poti,42.11298,41.403,グルジア,Asia/Tbilisi
チアトゥーラ,Chiatura,42.15,43.17,グルジア,Asia/Tbilisi
ハンブルク,Hamburg,53.32298,9.59298,ドイツ,MET
ベルリン,Berlin,52.30299,13.223,ドイツ,Europe/Berlin
エッセン,Essen,51.2615,7.00299,ドイツ,MET
フランクフルト,Frankfurt,50.06,8.41,ドイツ,MET
ドルトムント,Dortmund,51.31,7.253,ドイツ,MET
シュトゥットガルト,Stuttgart,48.48,9.12,ドイツ,MET
デュッセルドルフ,Dusseldorf,51.12,6.48,ドイツ,MET
ライプチヒ,Leipzig,51.20298,12.24,ドイツ,MET
ブレーメン,Bremen,53.03299,8.49,ドイツ,MET
ドレスデン,Dresden,51.03302,13.44298,ドイツ,MET
デュースブルク,Duisburg,51.24151,6.46001,ドイツ,MET
ハノーファー,Hannover,52.223,9.44,ドイツ,MET
ニュルンベルク,Nurnberg,49.26298,11.04001,ドイツ,MET
マンハイム,Mannheim,49.29,8.29,ドイツ,MET
ボン,Bonn,50.43,7.05298,ドイツ,MET
マクデブルク,Magdeburg,52.07,11.36302,ドイツ,MET
ヴィースバーデン,Wiesbaden,50.04,8.133,ドイツ,MET
ロストク,Rostock,54.043,12.07,ドイツ,MET
アウクスブルク,Augsburg,48.23,10.54,ドイツ,MET
キール,Kiel,54.18299,10.06,ドイツ,MET
ハレ,Halle,51.29002,11.59002,ドイツ,MET
エルフルト,Erfurt,50.583,11.02,ドイツ,MET
マインツ,Mainz,49.59301,8.15302,ドイツ,MET
フライブルク,Freiburg,47.59,7.493,ドイツ,MET
カッセル,Kassel,51.19001,9.29,ドイツ,MET
ザールブリュッケン,Saarbrucken,49.15,6.583,ドイツ,MET
ポツダム,Potsdam,52.24,13.013,ドイツ,MET
ハイデルベルク,Heidelberg,49.25,8.43,ドイツ,MET
ブレーマーハーフェン,Bremerhaven,53.313,8.35002,ドイツ,MET
シュウェリン,Schwerin,53.373,11.23002,ドイツ,MET
ビュルツブルク,Wurzburg,49.48302,9.57,ドイツ,MET
レーゲンスブルク,Regensburg,49.01001,12.073,ドイツ,MET
ミュンヘン,Munchen,48.08298,11.35,ドイツ,MET
ローテンブルク,Rothenburg,49.3,10.05,ドイツ,MET
ケルン,Koln,50.56298,6.56298,ドイツ,MET
アクラ,Accra,5.33,-0.15,ガーナ,Africa/Accra
クマシ,Kumasi,6.42,-1.36,ガーナ,Africa/Accra
タマレ,Tamale,9.253,-0.50301,ガーナ,Africa/Accra
テマ,Tema,5.403,-0.013,ガーナ,Africa/Accra
ケープコースト,Cape Coast,5.07,-1.14301,ガーナ,Africa/Accra
アテネ,Athens,38,23.433,ギリシャ,Europe/Athens
テッサロニキ,Thessaloniki,40.39299,22.57,ギリシャ,EET
ピレウス,Piraeus,37.57302,23.403,ギリシャ,EET
パトラス,Patras,38.14298,21.45299,ギリシャ,EET
ラリッサ,Larissa,39.38298,22.26002,ギリシャ,EET
イラクリオン,Iraklion,35.21,25.1,ギリシャ,EET
ボロス,Volos,39.23002,22.56002,ギリシャ,EET
オリンビア,Olimbia,37.40473,21.4429,ギリシャ,EET
メガロポリス,Megalopolis,37.22469,22.08341,ギリシャ,EET
スパルタ,Sparti,37.09194,22.22412,ギリシャ,EET
ネアポリス,NeaPolis,36.33086,23.02553,ギリシャ,EET
キティラ,Kithira,36.10289,23.00068,ギリシャ,EET
オリンボス,Olimbos,35.47269,27.1209,ギリシャ,EET
セントジョージズ,St.georges,12.04001,-61.43599,グレナダ,GMT-04:00
グアテマラシティ,Guatemala City,14.37,-90.313,グアテマラ,America/Guatemala
ケサルテナンゴ,Quezaltenango,14.49,-91.30598,グアテマラ,America/Guatemala
ビザウ,Bissau,11.52001,-15.39598,ギニアビサウ,Africa/Bissau
コナクリ,Conakry,9.31001,-13.42302,ギニア,Africa/Conakry
ジョージタウン,Georgetown,6.46,-58.1,ガイアナ,GMT-04:00
ポルトープランス,Portauprince,18.32002,-72.193,ハイチ,GMT-05:00
テグシガルパ,Tegucigalpa,14.043,-87.14,ホンジュラス,America/Tegucigalpa
サンペドロスーラ,San Pedro Sula,15.263,-88.013,ホンジュラス,America/Tegucigalpa
ラ・セイバ,La Ceiba,15.4219,-86.5754,ホンジュラス,America/Tegucigalpa
チョルテカ,Choluteca,13.1921,-87.1207,ホンジュラス,America/Tegucigalpa
ロアタン,Roatan,16.2019,-86.3558,ホンジュラス,America/Tegucigalpa
ウティラ,Utila,16.07,-86.5452,ホンジュラス,America/Tegucigalpa
ブダペスト,Budapest,47.3,19.04,ハンガリー,Europe/Budapest
デブレツェン,Debrecen,47.30302,21.373,ハンガリー,MET
ミシュコルツ,Miskolc,48.07001,20.47298,ハンガリー,MET
セゲド,Szeged,46.15,20.08298,ハンガリー,MET
ソンバトヘイ,Szombathely,47.15,16.38298,ハンガリー,MET
ソルノク,Szolnok,47.11002,20.103,ハンガリー,MET
カポシュバール,Kaposvar,46.23002,17.45,ハンガリー,MET
ベーケシュチャバ,Bekescsaba,46.403,21.05298,ハンガリー,MET
ザラエゲルセグ,Zalaegerszeg,46.50298,16.51,ハンガリー,MET
ニーレジュハーザ,Nyiregyhaza,47.58,21.43001,ハンガリー,MET
レイキャビク,Reykjavik,64.08298,-21.58001,アイスランド,Atlantic/Reykjavik
デリー,Delhi,27.49,77.3,インド,IST
ニューデリー,New Delhi,28.33302,77.11002,インド,IST
カルカッタ,Calcutta,22.34,88.24,インド,Asia/Calcutta
マドラス,Madras,13.06,80.163,インド,IST
ハイダラーバード,Hyderabad,17.22,78.26,インド,IST
アフマダーバード,Ahmadabad,23.02298,72.37001,インド,IST
バンガロール,Bangalore,12.583,77.343,インド,IST
カーンプル,Kanpur,26.26298,80.15,インド,IST
ナーグプル,Nagpur,21.103,79.09,インド,IST
ラクナウ,Lucknow,26.493,80.56301,インド,IST
プネー,Pune,18.32301,73.56002,インド,IST
スラト,Surat,21.08301,72.51,インド,IST
ジャイプル,Jaipur,26.54,75.49001,インド,IST
コインバトール,Coimbatore,11,76.57302,インド,IST
マドゥライ,Madurai,9.55,78.06302,インド,IST
インドール,Indore,22.433,75.523,インド,IST
ボーパール,Bhopal,23.163,77.23298,インド,IST
ビシャカパトナム,Vishakhapatnam,17.45302,83.17002,インド,IST
パトナー,Patna,25.35298,85.073,インド,IST
ハウラー,Howrah,22.35298,88.18299,インド,IST
アラーハーバード,Allahabad,25.27302,81.49,インド,IST
ジャカルタ,Jabalpur,23.11002,79.56298,インド,IST
アムリッツァル,Amritsar,31.35298,74.523,インド,IST
スリナガル,Srinagar,34.043,74.49001,インド,IST
カリカット,Calicut,11.13,75.49001,インド,IST
グワーリオール,Gwalior,26.14301,78.14301,インド,IST
コーチン,Cochin,9.54302,76.14298,インド,IST
ジョードプル,Jodhpur,26.17,73.02298,インド,IST
ラーンチー,Ranchi,23.193,85.18299,インド,IST
トリバンドラム,Trivandrum,8.29,76.56301,インド,IST
ビジャヤワダ,Vijayawada,16.33302,80.36,インド,IST
ラージコート,Rajkot,22.19,70.493,インド,IST
マイソール,Mysore,12.17298,76.39302,インド,IST
ジャムシェドプル,Jamshedpur,22.45302,86.12299,インド,IST
メーラト,Meerut,29.01,77.433,インド,IST
バレーリー,Bareilly,28.23002,79.24,インド,IST
チャンディーガル,Chandigarh,30.45,76.54302,インド,IST
グントゥール,Guntur,16.18,80.24302,インド,IST
セーレム,Salem,11.36302,78.05002,インド,IST
コールハープル,Kolhapur,16.44298,74.13001,インド,IST
ライプル,Raipur,21.15,81.38298,インド,IST
ワランガル,Warangal,18,79.373,インド,IST
バウナガル,Bhavnagar,21.44301,72.11298,インド,IST
サハーランプル,Saharanpur,29.56301,77.35002,インド,IST
ゴーラクプル,Gorakhpur,26.44298,83.26002,インド,IST
ベルガウム,Belgaum,15.51302,74.31001,インド,IST
カタック,Cuttack,20.28,85.523,インド,IST
アムラバティ,Amravati,20.56298,77.47002,インド,IST
ビーカーネール,Bikaner,28.04001,73.19,インド,IST
ガヤー,Gaya,24.47298,84.59298,インド,IST
ジャーンシー,Jhansi,25.26298,78.343,インド,IST
ネロール,Nellore,14.26,79.57302,インド,IST
バーガルプル,Bhagalpur,25.14002,86.583,インド,IST
グルバルガ,Gulbarga,17.21299,76.48,インド,IST
ブバネーシュワル,Bhubaneswar,20.133,85.48299,インド,IST
ジャンムー,Jammu,32.43,74.51302,インド,IST
ボンベイ,Bombay,18.59,72.50298,インド,IST
インパール,Imphal,24.42558,94.02107,インド,IST
ディブルガール,Dibrugarh,27.12292,94.22332,インド,IST
ジャカルタ,Jakarta,-6.073,106.443,インドネシア,Asia/Jakarta
スラバヤ,Surabaya,-7.14298,112.42,インドネシア,Asia/Jakarta
メダン,Medan,3.36,98.39,インドネシア,Asia/Jakarta
バンドン,Bandung,-6.56298,107.333,インドネシア,Asia/Jakarta
スマラン,Semarang,-6.583,110.28,インドネシア,Asia/Jakarta
パレンバン,Palembang,-2.583,104.45,インドネシア,Asia/Jakarta
ウジュンパンダン,Ujung Pandang,-5.08298,119.27,インドネシア,Asia/Ujung_Pandang
マラン,Malang,-7.59298,112.423,インドネシア,Asia/Ujung_Pandang
パダン,Padang,-0.57302,100.22,インドネシア,Asia/Ujung_Pandang
スラカルタ,Surakarta,-7.32298,110.49,インドネシア,Asia/Ujung_Pandang
ジョクジャカルタ,Yogyakarta,-7.47298,110.223,インドネシア,Asia/Ujung_Pandang
バンジェルマシン,Banjarmasin,-3.193,114.333,インドネシア,Asia/Ujung_Pandang
ポンティアナ,Pontianak,-0.03598,109.173,インドネシア,Asia/Pontianak
バリクパパン,Balikpapan,-1.15299,116.49,インドネシア,Asia/Pontianak
サマリンダ,Samarinda,-0.3,117.073,インドネシア,Asia/Pontianak
デンパサル,Denpasar,-8.373,115.113,インドネシア,Asia/Pontianak
ボゴール,Bogor,-6.34599,106.453,インドネシア,Asia/Pontianak
テラナイプラ,Telanaipura,-1.36302,103.373,インドネシア,Asia/Pontianak
クディリ,Kediri,-7.47301,112.003,インドネシア,Asia/Pontianak
メナド,Manado,1.29,124.523,インドネシア,Asia/Pontianak
パカンバル,Pakanbaru,0.32298,101.273,インドネシア,Asia/Pontianak
マディウン,Madiun,-7.37001,111.31,インドネシア,Asia/Pontianak
ペマタンシアンタル,Pematangsiantar,2.58,99.02002,インドネシア,Asia/Pontianak
ペカロンガン,Pekalongan,-6.53298,109.373,インドネシア,Asia/Pontianak
マゲラン,Magelang,-7.28001,110.11,インドネシア,Asia/Pontianak
マタラム,Mataram,-8.33598,116.063,インドネシア,Asia/Pontianak
タンジュンカラン,Tanjungkarang,-2.11,115.23,インドネシア,Asia/Pontianak
ソロン,Sorong,-1,131,インドネシア,Asia/Pontianak
テヘラン,Tehran,35.38301,51.24299,イラン,Asia/Tehran
イスファン,Isfahan,32.39299,51.38,イラン,Iran
タブリーズ,Tabriz,38.02298,46.163,イラン,Iran
シーラーズ,Shiraz,29.37,52.33,イラン,Iran
ウルミエ,Orumiyeh,37.33,45.013,イラン,Iran
ラシュト,Rasht,37.16001,49.35002,イラン,Iran
サーヘダーン,Zahedan,29.3,60.52,イラン,Iran
ハマダーン,Hamadan,34.48,48.29002,イラン,Iran
ケルマーン,Kerman,30.15299,57.02298,イラン,Iran
カズビーン,Qazvin,36.15,49.583,イラン,Iran
ヤズド,Yazd,31.53298,54.223,イラン,Iran
マシュハド,Mashhad,36.1,59.49,イラン,Iran
ケルマーンシャー,Kermanshah,34.3,47.49,イラン,Iran
アフワーズ,Ahwaz,31.17,48.43,イラン,Iran
バグダッド,Baghdad,33.193,44.25,イラク,Asia/Baghdad
キルクーク,Kirkuk,35.26301,44.253,イラク,BT
アルビール,Irbil,36.103,44.00302,イラク,BT
ヒッラ,Al-Hillah,32.28,44.27,イラク,BT
カルバラー,Karbala,32.36302,44.013,イラク,BT
バスラ,Basra,30.4033,47.5027,イラク,BT
モースル,Mawsil,36.193,43.05298,イラク,BT
ダブリン,Dublin,53.203,-6.153,アイルランド,Europe/Dublin
ドロエダ,Drogheda,53.4249,-6.2028,アイルランド,WET
ダンドルク,Dundaik,54.0034,-6.2439,アイルランド,WET
スライゴ,Sligo,54.1636,-8.2832,アイルランド,WET
リムリック,Limerick,52.39,-8.363,アイルランド,WET
コーク,Cork,51.533,-8.26,アイルランド,WET
ダンレアレ,Dun Laoghaire,53.163,-6.083,アイルランド,WET
ツーラモーア,Tullamore,53.174,-7.3402,アイルランド,WET
アスローン,Athlone,53.2625,-7.5712,アイルランド,WET
ゴルウェー,Galway,53.1819,-9.0224,アイルランド,WET
トラリー,Tralee,52.1541,-9.435,アイルランド,WET
キラーニー,Kilarney,52.0259,-9.3134,アイルランド,WET
ウォーターフォード,Waterford,52.1552,-7.0715,アイルランド,WET
エルサレム,Jerusalem,31.46,35.13001,イスラエル,Asia/Jerusalem
ハイファ,Haifa,32.48,35.00299,イスラエル,Israel
ホロン,Holon,32.01,34.48,イスラエル,Israel
ベールシェバ,Beersheba,31.133,34.48299,イスラエル,Israel
テルアビブヤフォ,Tel Aviv yafo,32.05,34.46,イスラエル,Israel
パレルモ,Palermo,38.073,13.21299,イタリア,MET
ボローニャ,Bologna,44.3,11.20298,イタリア,MET
バリ,Bari,41.06302,16.52001,イタリア,MET
メッシナ,Messina,38.11298,15.32002,イタリア,MET
ベローナ,Verona,45.26298,10.59002,イタリア,MET
ターラント,Taranto,40.283,17.14002,イタリア,MET
トリエステ,Trieste,45.40001,13.46001,イタリア,MET
カリアリ,Cagliari,39.133,9.06,イタリア,MET
モデナ,Modena,44.39302,10.55001,イタリア,MET
パルマ,Parma,44.48302,10.21,イタリア,MET
フォッジア,Foggia,41.27302,15.34001,イタリア,MET
サレルノ,Salerno,40.42,14.463,イタリア,MET
ペルージア,Perugia,43.073,12.223,イタリア,MET
ラベンナ,Ravenna,44.25001,12.11298,イタリア,MET
ペスカラ,Pescara,42.27302,14.133,イタリア,MET
シラクザ,Siracusa,37.04001,15.163,イタリア,MET
モンツァ,Monza,45.35,9.16,イタリア,MET
サッサリ,Sassari,40.433,8.32002,イタリア,MET
ベルガモ,Bergamo,45.41,9.42,イタリア,MET
ラ・スペチア,La Spezia,44.07001,9.49,イタリア,MET
コゼンツァ,Cosenza,39.17298,16.14298,イタリア,MET
アンコナ,Ancona,43.37,13.3,イタリア,MET
ピサ,Pisa,43.44301,10.23298,イタリア,MET
ウディネ,Udine,46.03302,13.133,イタリア,MET
アレッサンドリア,Alessandria,44.55,8.36,イタリア,MET
ボルツァーノ,Bolzano,46.313,11.23301,イタリア,MET
ミラノ,Milano,45.27302,9.12302,イタリア,MET
ナポリ,Napoli,40.51299,14.15,イタリア,MET
ローマ,Roma,41.53298,12.30302,イタリア,MET
トリノ,Torino,45.04001,7.40001,イタリア,MET
ベネチア,Venezia,45.26,12.2,イタリア,MET
イモラ,Imola,44.19,11.4,イタリア,MET
フィレンツェ,Firenze,43.463,11.15302,イタリア,MET
ジェノバ,Genova,44.26002,8.56,イタリア,MET
カターニア,Qatania,37.30302,15.03302,イタリア,MET
レッジョ・ディ・カラーブリア,Reggio di Calabria,38.03274,15.4053,イタリア,MET
カタンザーロ,Catanzaro,38.51356,16.36223,イタリア,MET
リミニ,Rimini,44.06108,12.29107,イタリア,MET
キングストン,Kingston,17.58,-76.48,ジャマイカ,GMT-05:00
東京,Tokyo,35.4022,139.4619,日本,Asia/Tokyo
アンマン,Amman,31.56298,35.55,ヨルダン,Asia/Amman
ザルカー,Zarqa,32.04001,36.06,ヨルダン,Asia/Amman
イルビド,Irbid,32.33,35.50298,ヨルダン,Asia/Amman
ルドヌイ,Rudny,52.43,63.04001,カザフスタン,Asia/Almaty
アルマトイ,Almaty,43.15,76.57,カザフスタン,Asia/Almaty
カラガンダ,Karaganda,49.49451,73.09302,カザフスタン,Asia/Almaty
アティラウ,Atyrau,47.1,52,カザフスタン,Asia/Almaty
ベイネウ,Beineu,45,55,カザフスタン,Asia/Almaty
クスタナイ,Kustanay,53.11002,63.35,カザフスタン,Asia/Almaty
ペトロパヴロフスク,Petropavlovsk,54.53449,69.08002,カザフスタン,Asia/Almaty
コクチェタフ,Kokchetav,53.17,69.25149,カザフスタン,Asia/Almaty
エキバストゥス,Ekibastuz,51.43,75.223,カザフスタン,Asia/Almaty
テミルタウ,Temirtau,50.05,72.56,カザフスタン,Asia/Almaty
セミパラチンスク,Semipalatinsk,50.27302,80.14449,カザフスタン,Asia/Almaty
ウスチカメノゴルスク,Ust-Kamenogorsk,49.58001,82.38,カザフスタン,Asia/Almaty
ツェリノグラード,Tselinograd,51.0945,71.2915,カザフスタン,Asia/Almaty
パヴロダル,Pavlodar,52.18,76.57,カザフスタン,Asia/Almaty
アクチュビンスク,Aktybinsk,50.163,57.09302,カザフスタン,Asia/Almaty
ウラリスク,Uralsk,51.14,51.2145,カザフスタン,Asia/Almaty
シェフチェンコ,Shevchenko,43.37001,51.11,カザフスタン,Asia/Almaty
グリエフ,Guryev,47.07001,51.55451,カザフスタン,Asia/Almaty
クジル・オルダ,Kzyl-Orda,44.51302,65.27,カザフスタン,Asia/Almaty
チムケント,Chimkent,42.17298,69.36,カザフスタン,Asia/Almaty
ジャンブル,Dzhambul,42.52451,71.223,カザフスタン,Asia/Almaty
ナイロビ,Nairobi,-1.17298,36.51299,ケニア,Africa/Nairobi
モンバサ,Mombasa,-4.02002,39.41002,ケニア,Africa/Nairobi
タラワ,Tarawa,1.23,173.09,キリバス,Pacific/Tarawa
ソウル,Seoul,37.32,126.583,韓国,Asia/Seoul
釜山,Pusan,35.06,129.01,韓国,ROK
テグ,Taegu,35.513,128.35,韓国,ROK
インチョン,Inchon,37.29,126.39,韓国,ROK
光州,Kwangju,35.07,126.523,韓国,ROK
大田,Taejon,36.21,127.25,韓国,ROK
ウルサン,Ulsan,35.323,129.21,韓国,ROK
マサン,Masan,35.11,128.333,韓国,ROK
スウォン,Suwon,37.16,127,韓国,ROK
チョンジュ,Chonju,35.493,127.08,韓国,ROK
チェジュ,Cheju,33.31,126.32,韓国,ROK
群山,Kunsan,35.503,126.4,韓国,ROK
麗水,Yosu,34.473,127.433,韓国,ROK
原州,Wonju,37.213,127.57,韓国,ROK
チョンジュ,Chongiu,37.3,126.38,韓国,ROK
ポハン,Pohang,36.0318,129.2018,韓国,ROK
プチョン,Puchon,37.3704,126.3533,韓国,ROK
ソンナム,Songnam,37.224,127.0753,韓国,ROK
クウェート,Kuwait,29.20298,47.59002,クウェート,Asia/Kuwait
ビシケク,Bishkek,42.53298,74.35002,キルギス,Asia/Bishkek
ザラル・アバド,Dzhalal-Abad,40.54302,73.013,キルギス,Asia/Bishkek
プルジェバリスク,Przhevalsk,42.3,78.21302,キルギス,Asia/Bishkek
オシ,Osh,40.33151,72.4845,キルギス,Asia/Bishkek
ビエンチャン,Vientiane,17.59298,102.37,ラオス,Asia/Vientiane
フォンサリ,Phong Saly,21.41442,102.141,ラオス,Asia/Vientiane
ナープ,Nape,18.25188,104.3932,ラオス,Asia/Vientiane
パクセ,Pakse,15.11193,105.5519,ラオス,Asia/Vientiane
リガ,Riga,56.57,24.04,ラトビア,Europe/Riga
ダウガフピルス,Daugavpils,55.53,26.30299,ラトビア,Europe/Riga
リエパヤ,Liepaja,56.30302,21.00302,ラトビア,Europe/Riga
エルガバ,Elgava,56.39,23.403,ラトビア,Europe/Riga
ザハレ,Zahle,33.493,35.54302,レバノン,GMT+02:00
ベイルート,Bayrut,33.51,35.30302,レバノン,GMT+02:00
マセル,Maseru,-29.19001,27.3,レソト,Africa/Maseru
モンロビア,Monrovia,6.2,-10.46001,リベリア,Africa/Monrovia
トリポリ,Tripoli,32.49,13.07,リビア,Africa/Tripoli
ベンガジ,Banghazi,32.06302,20.043,リビア,Africa/Tripoli
ミスラタ,Misratah,32.16494,15.09547,リビア,Africa/Tripoli
ムルズク,Murzuq,25.44452,14.07239,リビア,Africa/Tripoli
ワダーン,Waddan,29.04296,15.58343,リビア,Africa/Tripoli
ファドゥーツ,Vaduz,47.073,9.32,リヒテンシュタイン,Europe/Vaduz
ビリニュス,Vilinyus,54.41,25.19001,リトアニア,GMT+02:00
シャウリャイ,Siauliai,55.56,23.19001,リトアニア,GMT+02:00
カウナス,Kaunas,54.53298,23.53,リトアニア,GMT+02:00
クライペダ,Klaipeda,55.42302,21.07001,リトアニア,GMT+02:00
パネベジス,Panevezys,55.44298,24.21302,リトアニア,GMT+02:00
ルクセンブルク,Luxembourg,49.36,6.08298,ルクセンブルク,Europe/Luxembourg
ルクセンブルグ,Luxemburg,49.36,6.09,ルクセンブルク,MET
コロワン,Coloane,22.08002,113.33,マカオ,GMT+08:00
スコピエ,Skopje,42.00302,21.28001,マケドニア,Europe/Skopje
ビトラ,Bitola,41.013,21.20298,マケドニア,MET
アンタナナリボ,Antananarivo,-18.53002,47.3,マダガスカル,Indian/Antananarivo
トゥアマシナ,Toamasina,-18.09,49.22,マダガスカル,Indian/Antananarivo
マハジャンガ,Mahajanga,-15.41301,46.20301,マダガスカル,Indian/Antananarivo
ブランタイア,Blantyre,-15.45,34.583,マラウイ,Africa/Blantyre
リロングウェ,Lilongwe,-13.57,33.48302,マラウイ,Africa/Blantyre
クアラルンプール,Kuala Lumpur,3.08,101.41,マレーシア,Asia/Kuala_Lumpur
イポー,Ipoh,4.37,101.013,マレーシア,Asia/Kuala_Lumpur
クラン,Kelang,2.57299,101.23,マレーシア,Asia/Kuala_Lumpur
スレンバン,Seremban,2.42,101.523,マレーシア,Asia/Kuala_Lumpur
クチン,Kuching,1.32,110.183,マレーシア,Asia/Kuching
ムラカ,Melaka,2.133,102.133,マレーシア,Asia/Kuching
ジョホールバル,Johor Bahru,1.29,103.44,マレーシア,Asia/Kuching
コタ・キナバル,Kota Kinabalu,6.10462,116.1527,マレーシア,Asia/Kuching
マレ,Male,4.05002,73.27,モルジブ,Indian/Maldives
バマコ,Bamako,12.40001,-7.58599,マリ,Africa/Bamako
セグー,Segou,13.26301,-6.163,マリ,Africa/Bamako
モプチ,Mopti,14.283,-4.10001,マリ,Africa/Bamako
ケーズ,Kayes,14.253,-11.27,マリ,Africa/Bamako
バレッタ,Valletta,35.54302,14.31,マルタ,MET
モナコ,Manaco,43.44,7.25,モナコ公国,MET
マジュロ,Majuro,7.1,172.19,マーシャル諸島,Pacific/Majuro
ヌアクショット,Nouakchott,18.08298,-15.57302,モーリタニア,Africa/Nouakchott
ポートルイス,Portlouis,-20.103,57.3,モーリシャス,Africa/Nouakchott
グアダラハラ,Guadalajara,20.4,-103.203,メキシコ,America/Monterrey
モンテレイ,Monterrey,25.4,-100.183,メキシコ,America/Monterrey
プエブラ,Puebla,19.03,-98.093,メキシコ,America/Monterrey
ラパス,La Paz,24,-111,メキシコ,America/La_Paz
レオン,Leon,21.1,-101.42,メキシコ,America/La_Paz
シウダードフアレス,Ciudad Juarez,31.403,-106.293,メキシコ,America/La_Paz
メヒカリ,Mexicali,32.373,-115.283,メキシコ,America/La_Paz
ティファナ,Tijuana,32.28,-117.01,メキシコ,America/Tijuana
メリダ,Merida,20.58,-89.37,メキシコ,America/Merida
アカプルコ,Acapulco,16.51,-99.56,メキシコ,America/Merida
オアハカ,Oaxaca,17.0228,-96.4705,メキシコ,America/Merida
トレオン,Torreon,25.32,-103.25,メキシコ,America/Merida
アグアスカリエンテス,Aguascalientes,21.53,-102.18,メキシコ,America/Merida
モレリア,Morelia,19.413,-101.09,メキシコ,America/Merida
エルモシヨ,Hermosillo,29.053,-110.58,メキシコ,America/Hermosillo
サルティヨ,Saltillo,25.25,-100.593,メキシコ,America/Hermosillo
ベラクルス,Veracruz,19.12,-96.08,メキシコ,America/Hermosillo
ケレタロ,Queretaro,20.35,-100.22,メキシコ,America/Hermosillo
タンピコ,Tampico,22.14,-97.53,メキシコ,America/Hermosillo
マサトラン,Mazatlan,23.14,-106.24,メキシコ,America/Mazatlan
イラプアト,Irapuato,20.403,-101.213,メキシコ,America/Mazatlan
マタモロス,Matamoros,25.513,-97.303,メキシコ,America/Mazatlan
クエルナバカ,Cuernavaca,18.55,-99.14,メキシコ,America/Mazatlan
セラヤ,Celaya,20.31,-100.483,メキシコ,America/Mazatlan
ハラパ・エンリケス,Jalapa Enriquez,19.333,-96.55,メキシコ,America/Mazatlan
レイノサ,Reynosa,26.04,-98.18,メキシコ,America/Mazatlan
ヌエボ・ラレド,Nuevo Laredo,27.28,-99.313,メキシコ,America/Mazatlan
コアツァコアルコス,Coatzacoalcos,18.073,-94.253,メキシコ,America/Mazatlan
テピク,Tepic,21.303,-104.54,メキシコ,America/Mazatlan
シウダード・オブレゴン,Ciudad Obregon,27.29,-109.563,メキシコ,America/Mazatlan
トゥストラ・グティエレス,Tuxtla Gutierrez,16.45,-93.07,メキシコ,America/Mazatlan
シウダード・ビクトリア,Ciudad Victoria,23.44,-99.073,メキシコ,America/Mazatlan
カンペチェ,Campeche,19.493,-90.32,メキシコ,America/Mazatlan
ミナティトラン,Minatitlan,17.583,-94.32,メキシコ,America/Mazatlan
シウダード・マデロ,Ciudad Madero,22.17,-97.5,メキシコ,America/Mazatlan
ロス・モチス,Los Mochis,25.353,-108.58,メキシコ,America/Mazatlan
モンテクロバ,Monclova,26.54,-101.243,メキシコ,America/Mazatlan
ゴメス・パラシオ,Gomez Palacio,25.353,-103.31,メキシコ,America/Mazatlan
オリサバ,Orizaba,18.51,-97.053,メキシコ,America/Mazatlan
クリアカン,Culiacan,24.47,-107.233,メキシコ,America/Mazatlan
メキシコシティ,Mexicocity,19.25,-99.1,メキシコ,America/Mazatlan
チワワ,Chinuahua,28.393,-106.06,メキシコ,America/Mazatlan
サンルイスポトシ,San Luis potosi,22.09,-100.58,メキシコ,America/Mazatlan
パリキール,Parikir,6.49,155.4,ミクロネシア,GMT+11:00
キシニョフ,Kishinyov,47.00151,28.5015,モルドバ,Europe/Tiraspol
ベリツイ,Beltsy,47.45302,27.45299,モルドバ,Europe/Tiraspol
チラスポリ,Tiraspol,46.50298,29.38,モルドバ,Europe/Tiraspol
ベンデルイ,Bendery,46.47298,29.29,モルドバ,Europe/Tiraspol
ウランバートル,Ulaanbaatar,47.523,106.48,モンゴル,Asia/Ulaanbaatar
チョイバルサン,Choybalsan,48.0139,114.2549,モンゴル,Asia/Ulaanbaatar
サインシャンド,Saynshand,44.59042,110.0118,モンゴル,Asia/Ulaanbaatar
ムレン,Moron,49.43415,100.2108,モンゴル,Asia/Ulaanbaatar
アルタイ,Altay,46.18439,96.36061,モンゴル,Asia/Ulaanbaatar
ホフド,Hovd,47.59308,91.04062,モンゴル,Asia/Hovd
ウランゴム,Ulaangom,49.52325,91.35373,モンゴル,Asia/Hovd
アガディール,Agadir,30.3,-9.39302,モロッコ,Africa/Casablanca
アーシフィー,Asifi,32.19,-9.16599,モロッコ,Africa/Casablanca
カニートラ,Kenitra,34.20298,-6.373,モロッコ,Africa/Casablanca
マラケシュ,Marrakech,31.38,-7.59298,モロッコ,Africa/Casablanca
タンジール,Tangier,35.47298,-5.51,モロッコ,Africa/Casablanca
タトワーン,Tatwan,35.343,-5.223,モロッコ,Africa/Casablanca
ウジュダ,Wujda,34.403,-1.51,モロッコ,Africa/Casablanca
カサブランカ,Casablanca,33.37,-7.34599,モロッコ,Africa/Casablanca
ラバト,Rabat,34.013,-6.50298,モロッコ,Africa/Casablanca
フェス,Fes,34.07451,-4.55023,モロッコ,Africa/Casablanca
メクネス,Meknes,34.10376,-5.26586,モロッコ,Africa/Casablanca
エル・ジャディダ,El Jadida,32.59128,-8.36526,モロッコ,Africa/Casablanca
タルファヤ,Tarfaya,27.54058,-12.40095,モロッコ,Africa/Casablanca
ジジ・イフニ,Sidi Ifni,29.11182,-10.13512,モロッコ,Africa/Casablanca
セタート,Settat,33.14503,-8.13584,モロッコ,Africa/Casablanca
マプート,Maputo,-25.56002,32.35,モザンビーク,Africa/Maputo
ベイラ,Beira,-19.48302,34.523,モザンビーク,Africa/Maputo
ヤンゴン,Yangon,16.49,96.10001,ミャンマー,GMT+06:30
マンダレー,Mandalay,21.583,96.03,ミャンマー,GMT+06:30
モールメイン,Moulmein,16.29002,97.39,ミャンマー,GMT+06:30
ペグー,Pegu,17.2,96.283,ミャンマー,GMT+06:30
バセイン,Bassein,16.47301,94.433,ミャンマー,GMT+06:30
シットウェ,Sittwe,20.1,92.55001,ミャンマー,GMT+06:30
プタオ,Putao,26.4043,96.5032,ミャンマー,GMT+06:30
ピー,Pye,18.52556,95.0412,ミャンマー,GMT+06:30
タウンジー,Taunggyi,20.35193,97.0457,ミャンマー,GMT+06:30
ウィントフック,Windhoek,-22.34001,17.06,ナミビア,Africa/Windhoek
ナウル,Nauru,-0.3,166.1,ナウル,Pacific/Nauru
カトマンズ,Kathmandu,27.42,85.19001,ネパール,GMT+05:45
パタン,Patan,27.29298,85.21,ネパール,GMT+05:45
ロッテルダム,Rotterdam,51.54302,4.283,オランダ,MET
ハーグ,Hague,52.05301,4.17,オランダ,MET
ユトレヒト,Utrecht,52.05002,5.073,オランダ,MET
エイントホーフェン,Eindhoven,51.26,5.3,オランダ,MET
フローニンゲン,Groningen,53.12302,6.35,オランダ,MET
ティルブルフ,Tilburg,51.33302,5.05298,オランダ,MET
ハールレム,Haarlem,52.223,4.38,オランダ,MET
アープルドールン,Apeldoorn,52.12302,5.57302,オランダ,MET
ナイメーヘン,Nijmegen,51.493,5.51302,オランダ,MET
エンスヘーデ,Enschede,52.12302,6.53301,オランダ,MET
アルンヘム,Arnhem,51.59,5.553,オランダ,MET
ブレダ,Breda,51.35,4.46001,オランダ,MET
マーストリヒト,Maastricht,50.51,5.43001,オランダ,MET
ドルドレヒト,Dordrecht,51.48302,4.39,オランダ,MET
ライデン,Leiden,52.08298,4.3,オランダ,MET
アムステルダム,Amsterdam,52.21,4.53298,オランダ,Europe/Amsterdam
パーマストンノース,Palmerston North,-40.18302,175.373,ニュージーランド,NZ
ロトルア,Rotorua,-38.09,176.15,ニュージーランド,NZ
ハミルトン,Hamilton,-37.463,175.163,ニュージーランド,NZ
オークランド,Auckland,-36.53301,174.463,ニュージーランド,Pacific/Auckland
クライストチャーチ,Christchurch,-43.33302,172.39,ニュージーランド,NZ
ダニーディン,Dunedin,-45.52001,170.303,ニュージーランド,NZ
ウェリントン,Wellington,-41.18,174.45,ニュージーランド,NZ
ヌーメア,Noumea,-22.14301,166.29,ニューカレドニア,Pacific/Noumea
マナグア,Managua,12.05298,-86.17002,ニカラグア,America/Managua
ニアメ,Niamey,13.313,2.06,ニジェール,Africa/Niamey
ラゴス,Lagos,6.283,3.24302,ナイジェリア,Africa/Lagos
イバダン,Ibadan,7.23298,3.553,ナイジェリア,Africa/Lagos
オグボモショ,Ogbomosho,8.05298,4.11,ナイジェリア,Africa/Lagos
カノ,Kano,12.00302,8.31001,ナイジェリア,Africa/Lagos
オショグボ,Oshogbo,7.51,4.343,ナイジェリア,Africa/Lagos
イロリン,Ilorin,8.32,4.33302,ナイジェリア,Africa/Lagos
ポートハーコート,Port Harcourt,4.433,7.073,ナイジェリア,Africa/Lagos
ザリア,Zaria,11.02002,7.43,ナイジェリア,Africa/Lagos
オニチャ,Onitsha,6.10001,6.48299,ナイジェリア,Africa/Lagos
カドゥナ,Kaduna,10.31,7.253,ナイジェリア,Africa/Lagos
マイドゥーグリ,Maiduguri,11.523,13.12302,ナイジェリア,Africa/Lagos
エヌグ,Enugu,6.23298,7.27302,ナイジェリア,Africa/Lagos
アバ,Aba,5.06302,7.21,ナイジェリア,Africa/Lagos
オヨ,Oyo,7.51302,3.56,ナイジェリア,Africa/Lagos
ベニンシティ,Benin City,6.18302,5.41,ナイジェリア,Africa/Lagos
ジョス,Jos,9.51,8.51,ナイジェリア,Africa/Lagos
カツィナ,Katsina,13.00302,7.32,ナイジェリア,Africa/Lagos
ソコト,Sokoto,13.03,5.15302,ナイジェリア,Africa/Lagos
カラバール,Calabar,4.57,8.21,ナイジェリア,Africa/Lagos
ミナー,Minna,9.38002,6.32298,ナイジェリア,Africa/Lagos
マクルディ,Makurdi,7.44002,8.33,ナイジェリア,Africa/Lagos
アブジャ,Abuja,9.1,7.06,ナイジェリア,Africa/Lagos
平壌,Pyonyan,39.013,125.453,北朝鮮,ROK
チョンジン,Chongjin,41.48,129.51,北朝鮮,ROK
ナンポ,Nampo,38.45,125.233,北朝鮮,ROK
シンウイジュ,Sinuiju,40.05,124.25,北朝鮮,ROK
ウォンサン,Wonsan,39.08,127.253,北朝鮮,ROK
ケソン,Kaesong,37.58,126.32,北朝鮮,ROK
ハムフン,Hamhung,39.55,127.32,北朝鮮,ROK
キムチェク,Kimchaek,40.41,129.12,北朝鮮,ROK
海州,Haeju,38.023,125.43,北朝鮮,ROK
サリウォン,Sariwon,38.303,125.45,北朝鮮,ROK
北極点,North Pole,89.5959,0,北極,UTC
オスロ,Oslo,59.55001,10.45,ノルウェー,Europe/Oslo
トロンヘイム,Trondheim,63.25001,10.23298,ノルウェー,MET
スタバンゲル,Stavanger,58.583,5.44002,ノルウェー,MET
クリスティアンサン,Kristiansand,58.08298,7.583,ノルウェー,MET
ドランメン,Drammen,59.44298,10.12302,ノルウェー,MET
ベルゲン,Bergen,60.23298,5.21,ノルウェー,MET
モス,Moss,59.26298,10.41298,ノルウェー,MET
ナルヴィク,Narvik,68.1,17,ノルウェー,MET
ハーマル,Hamar,60.51569,10.5937,ノルウェー,MET
リレハンメル,Lillehammer,61.08262,10.26049,ノルウェー,MET
ロム,Lom,61.5114,8.3201,ノルウェー,MET
ゲイランゲル,Geiranger,62.06036,7.18529,ノルウェー,MET
ローエン,Loen,61.5253,6.51277,ノルウェー,MET
バレストランド,Balestrand,61.15119,7.15086,ノルウェー,MET
ボス,Voss,60.38013,6.27526,ノルウェー,MET
ライカンゲル,Leikanger,61.1317,6.45292,ノルウェー,MET
ハンメルフェスト,Hammerfest,70.37548,23.42482,ノルウェー,MET
マスカット,Muscat,23.35301,58.38,オマーン,Asia/Muscat
ソハール,Sohar,24.2722,56.38078,オマーン,Asia/Muscat
スル,Sur,22.33522,59.22502,オマーン,Asia/Muscat
アル・ハルーフ,Al Khaluf,20.33338,57.56413,オマーン,Asia/Muscat
アル・ジャワラ,Al Jawarah,19.0341,57.13264,オマーン,Asia/Muscat
サラーラ,Salalah,17.07206,54.06432,オマーン,Asia/Muscat
カラチ,Karachi,24.52,67.02,パキスタン,Asia/Karachi
ハイダラーバード,Hyderabad,25.22,68.24302,パキスタン,PLT
ファイサラバード,Faisalabad,31.23301,73.08298,パキスタン,PLT
ラーワルピンディー,Rawalpindi,33.373,73.06,パキスタン,PLT
ムルターン,Multan,30.10001,71.35298,パキスタン,PLT
グジュラーンワーラ,Gujranwala,32.07,74.12,パキスタン,PLT
ペシャーワル,Peshawar,34.00302,71.39302,パキスタン,PLT
シアールコート,Sialkot,32.29,74.35298,パキスタン,PLT
サルゴーダ,Sargodha,32,72.38301,パキスタン,PLT
クエッタ,Quetta,30.11298,66.59298,パキスタン,PLT
イスラマバード,Islamabad,33.403,73.103,パキスタン,PLT
サッカル,Sukkur,27.433,68.52001,パキスタン,PLT
バハーワルプル,Bahawalpur,29.22,71.42299,パキスタン,PLT
グジラート,Gujrat,32.35002,74.06,パキスタン,PLT
サヒワル,Sahiwal,30.39,73.09,パキスタン,PLT
ラホール,Lahole,31.33302,74.24,パキスタン,PLT
ナワブシャー,Nawabshah,25.48302,68.3453,パキスタン,PLT
ラヒームヤル・ハーン,Rahimyar Khan,28.41593,70.36137,パキスタン,PLT
パナマ,Panama,8.59002,-79.30302,パナマ,America/Panama
コロン,Colon,9.20298,-79.53298,パナマ,America/Panama
ポートモレスビー,Port Moresby,-9.29298,147.08,パプアニューギニア,Pacific/Port_Moresby
ラバウル,Rabaul,-4.16037,152.0736,パプアニューギニア,Pacific/Port_Moresby
マダン,Madang,-5.08355,145.3956,パプアニューギニア,Pacific/Port_Moresby
ウェワク,Wewak,-3.37534,143.3733,パプアニューギニア,Pacific/Port_Moresby
アスンシオン,Asuncion,-25.15598,-57.39302,パラグアイ,America/Asuncion
アレキパ,Arequipa,-16.24302,-71.32298,ペルー,America/Lima
カヤオ,Callao,-12.03,-77.073,ペルー,America/Lima
トルヒーヨ,Trujillo,-8.073,-78.583,ペルー,America/Lima
チクラヨ,Chiclayo,-6.463,-79.48299,ペルー,America/Lima
ピウラ,Piura,-5.14002,-80.38298,ペルー,America/Lima
チンボテ,Chimbote,-9.04001,-78.32301,ペルー,America/Lima
クスコ,Cuzco,-13.31599,-71.57598,ペルー,America/Lima
イキトス,Iquitos,-3.50002,-73.13001,ペルー,America/Lima
ワンカヨ,Huancayo,-12.03299,-75.12,ペルー,America/Lima
リマ,Lima,-12.06302,-77.02298,ペルー,America/Lima
マニラ,Manila,14.36,121.003,フィリピン,Asia/Manila
ケソン,Quezon,14.39,121.02,フィリピン,Asia/Manila
ダヴァオ,Davao,7.043,125.37,フィリピン,Asia/Manila
セブ,Cebu,10.19,123.553,フィリピン,Asia/Manila
サンボアンガ,Zamboanga,6.55001,122.043,フィリピン,Asia/Manila
バコロド,Bacolod,10.37,122.58,フィリピン,Asia/Manila
イロイロ,Iloilo,10.42,122.323,フィリピン,Asia/Manila
ブトゥアン,Butuan,8.56002,125.32,フィリピン,Asia/Manila
オロンガポ,Olongapo,14.50298,120.163,フィリピン,Asia/Manila
バタンガス,Batangas,13.46,121.03,フィリピン,Asia/Manila
カバナトゥアン,Cabanatuan,15.313,121,フィリピン,Asia/Manila
サン・パブロ,San Pablo,14.05301,121.17,フィリピン,Asia/Manila
バギオ,Baguio,16.23002,120.363,フィリピン,Asia/Manila
リパ,Lipa,13.57302,121.093,フィリピン,Asia/Manila
タクロバン,Tacloban,11.13,124.593,フィリピン,Asia/Manila
アンヘレス,Angeles,15.103,120.33,フィリピン,Asia/Manila
カルバヨグ,Calbayog,12.043,124.37,フィリピン,Asia/Manila
レガスピ,Legaspi,13.07,123.433,フィリピン,Asia/Manila
カガヤンデオロ,Cagayan De oro,8.29,124.4,フィリピン,Asia/Manila
ヘナラル・サントス,General Santos,6.10462,125.04,フィリピン,Asia/Manila
コタバト,Cotabato,7.11521,124.1544,フィリピン,Asia/Manila
ロハス,Roxas,11.32251,122.49,フィリピン,Asia/Manila
プエルト・プリンセサ,Puerto Princesa,9.49296,118.3938,フィリピン,Asia/Manila
ウッジ,Lodz,51.47301,19.27302,ポーランド,MET
クラクフ,Krakow,50.03302,19.553,ポーランド,MET
ブロツワフ,Wroclaw,51.05298,17.01,ポーランド,MET
ポズナン,Poznan,52.25001,16.53298,ポーランド,MET
グダンスク,Gdansk,54.21,18.38298,ポーランド,MET
シュチェチン,Szczecin,53.253,14.32,ポーランド,MET
ビドゴシュチ,Bydgoszcz,53.12,17.583,ポーランド,MET
カトビツェ,Katowice,50.14298,18.59,ポーランド,MET
ルブリン,Lublin,51.163,22.32002,ポーランド,MET
チェンストホーバ,Czestochowa,50.49001,19.06,ポーランド,MET
グディニャ,Gdynia,54.30299,18.313,ポーランド,MET
ラドム,Radom,51.25001,21.08301,ポーランド,MET
キエルツェ,Kielce,50.523,20.37001,ポーランド,MET
トルン,Torun,53.02,18.36299,ポーランド,MET
オルシュティン,Olsztyn,53.47002,20.27299,ポーランド,MET
ジェシュフ,Rzeszow,50.03302,22,ポーランド,MET
オポーレ,Opole,50.4,17.57,ポーランド,MET
エルブロンク,Elblag,54.10001,19.25001,ポーランド,MET
タルヌフ,Tarnow,50.01001,21.00302,ポーランド,MET
ワルシャワ,Walszawa,52.15,21.01,ポーランド,MET
ビアウィストック,Bialystok,53.15238,23.11222,ポーランド,MET
スウプスク,Slupsk,54.24511,17.01282,ポーランド,MET
コシャーリン,Koszalin,54.10376,16.11024,ポーランド,MET
ジェローナ・グーラ,Zielona Gora,51.55581,15.30058,ポーランド,MET
レグニーツァ,Legnica,51.13239,16.10246,ポーランド,MET
バウブジフ,Walbrzych,50.47499,16.19145,ポーランド,MET
リスボン,Lisbon,38.44298,-9.09,ポルトガル,Europe/Lisbon
ポルト,Porto,41.09,-8.37,ポルトガル,Europe/Lisbon
セトゥバル,Setubal,38.313,-8.54,ポルトガル,Europe/Lisbon
コインブラ,Coimbra,40.12302,-8.26301,ポルトガル,Europe/Lisbon
ブラガ,Braga,41.32298,-8.26298,ポルトガル,Europe/Lisbon
フンシャル,Funchal,32.38,-16.54302,ポルトガル,Europe/Lisbon
サンファン,San Juan,18.27,-66.06598,プエルトリコ,America/Argentina/San_Juan
バヤモン,Bayam｢n,18.23298,-66.12,プエルトリコ,America/Argentina/San_Juan
ポンセ,Ponce,18.00302,-66.343,プエルトリコ,America/Argentina/San_Juan
アレシボ,Arecibo,18.27,-66.45598,プエルトリコ,America/Argentina/San_Juan
ドーハ,Duha,25.14002,51.34,カタール,GMT+03:00
ブカレスト,Bucharest,44.27,26.08002,ルーマニア,Europe/Bucharest
ブラショブ,Brasov,45.39,25.343,ルーマニア,EET
コンスタンツァ,Constanta,44.12,28.38301,ルーマニア,EET
ティミショアラ,Timisoara,45.45,21.133,ルーマニア,EET
ヤシ,Iasi,47.09302,27.36,ルーマニア,EET
ガラツィ,Galati,45.27,28.00299,ルーマニア,EET
クラヨバ,Craiova,44.18302,23.48299,ルーマニア,EET
ブライラ,Braila,45.17,27.57,ルーマニア,EET
プロイエシュティ,Ploiesti,44.57,26.00302,ルーマニア,EET
オラデア,Oradea,47.03302,21.55001,ルーマニア,EET
アラド,Arad,46.11298,21.19,ルーマニア,EET
バカウ,Bacau,46.34001,26.55001,ルーマニア,EET
シビウ,Sibiu,45.47002,24.08002,ルーマニア,EET
トゥルグ・ムレシュ,Tirgu Mures,46.33302,24.35298,ルーマニア,EET
ピテシュティ,Pitesti,44.51302,24.52001,ルーマニア,EET
バヤ・マーレ,Baia Mare,47.39302,23.34,ルーマニア,EET
サトゥ・マーレ,Satu Mare,47.48302,22.54,ルーマニア,EET
クルジュ,Cluj,46.463,23.36302,ルーマニア,EET
ノボォシビルスク,Novosibirsk,55.023,83.003,ロシア連邦,Asia/Novosibirsk
スベルドロフスク,Sverdlovsk,56.513,60.33,ロシア連邦,Asia/Omsk
オムスク,Omsk,54.5945,73.243,ロシア連邦,Asia/Omsk
カザン,Kazan,55.49,49.08,ロシア連邦,
ペルミ,Perm,58,56.15,ロシア連邦,
ウファ,Ufa,54.44,55.56,ロシア連邦,
ロストフナドー,Rostov-on-Don,47.15,39.45,ロシア連邦,
ヴォルゴグラード,Volgograd,48.44,44.2515,ロシア連邦,
サラトフ,Saratov,51.3345,46.0015,ロシア連邦,
ウラジオストク,Vladivostok,43.093,131.553,ロシア連邦,Asia/Vladivostok
イルクーツク,Irkutsk,52.1545,104.1815,ロシア連邦,Asia/Irkutsk
クラスノダル,Krasnodar,45.02,39,ロシア連邦,
ハバロフスク,Khabarovsk,48.32,135.08,ロシア連邦,
アストラハン,Astrakhan,46.21,48.03,ロシア連邦,
ムルマンスク,Murmansk,68.573,33.0645,ロシア連邦,
アルハンゲリスク,Arkhangelsk,64.34,40.343,ロシア連邦,
チタ,Chita,52.03,113.3,ロシア連邦,
サント,Saransk,54.11,45.11,ロシア連邦,
ペトロザボーツク,Petrozavodsk,61.47,34.193,ロシア連邦,
アンガルスク,Angarsk,52.34,103.54,ロシア連邦,
ブラーツク,Bratsk,56.05,101.48,ロシア連邦,
ノブゴロド,Novgorod,58.293,31.143,ロシア連邦,
ヤクーツク,Yakutsk,62,129.4,ロシア連邦,Asia/Yakutsk
エカテリンブルグ,Ekaterinburg,56.5,60.3,ロシア連邦,
ニジニノヴゴロド,Nizhnii Novgorod,56.2,44,ロシア連邦,
ロストフナドヌー,Rostov Na donu,47.15,39.45,ロシア連邦,
サマラ,Samara,53,50.1,ロシア連邦,Europe/Samara
サンクトペテルブルグ,Sankt Peterburg,60,30,ロシア連邦,W-SU
チェリャビンスク,Chelvabinsk,55.1015,61.24,ロシア連邦,
モスクワ,Moskva,55.4445,37.4215,ロシア連邦,W-SU
グロズヌイ,Groznyi,43.2,45.42,ロシア連邦,
ウランウデ,Ulan-ude,51.5,107.37,ロシア連邦,
クラスノヤルスク,Krasnoyarsk,56.0245,92.483,ロシア連邦,Asia/Krasnoyarsk
アンバルチク,Ambarchik,69.3,162.3,ロシア連邦,
ディクソン,Dikson,73,81,ロシア連邦,
ハタンガ,Khatanga,72,102.3,ロシア連邦,
ノルドヴィク,Nordvik,74,111,ロシア連邦,
オハ,Okha,53.3405,142.5055,ロシア連邦,
ノグリキ,Nogliki,51.4935,143.0006,ロシア連邦,
オホーツク,Okhotsk,59.2,143,ロシア連邦,
パラナ,Palana,59,160,ロシア連邦,
ペヴェク,Pevek,69.3,171,ロシア連邦,
ティクシ,Tiksi,71.3,129,ロシア連邦,
ウエレン,Uelen,66,-170,ロシア連邦,
ベルホヤンスク,Verkhoyansk,67.3,133,ロシア連邦,
ユジノサハリンスク,Yuzhno Sakhalinsk,46.5756,142.4324,ロシア連邦,
ナホトカ,Nakhodka,42.4758,133.0541,ロシア連邦,
ウスリースク,Ussuriysk,43.4649,131.5303,ロシア連邦,
マガダン,Magadan,59.4049,150.4123,ロシア連邦,Asia/Magadan
コムソモリスク・ナ・アムーレ,Komsomol'sk-na-Amure,50.1425,136.5255,ロシア連邦,
トムスク,Tomsk,56.3138,85.4147,ロシア連邦,
バルナウル,Barnaul,53.2303,83.2709,ロシア連邦,
ケメロボ,Kemerovo,55.172,87.4833,ロシア連邦,
ニジネバルトフスク,Nizhnevartovsk,61.0238,76.2848,ロシア連邦,
スルグト,Surgut,62.0234,73.0609,ロシア連邦,
ボルクタ,Vorkuta,67.2914,63.5058,ロシア連邦,
ヤロスラブリ,Yaroslavl,57.4827,39.3827,ロシア連邦,
トゥラ,Tula,54.0114,38.2311,ロシア連邦,
リャザニ,Ryazan,54.3352,39.3639,ロシア連邦,
ペンザ,Penza,53.0112,45.0303,ロシア連邦,
シンビルスク,Simbirsk,54.2743,48.0308,ロシア連邦,
ボロネジ,Voronezh,51.3924,39.1952,ロシア連邦,
オレンブルグ,Orenburg,51.5643,55.0031,ロシア連邦,
トリヤッティ,Tol'yatti,53.2503,49.3202,ロシア連邦,
ナベレジヌイエ・チェルニー,Naberezhnyye Chelny,55.3407,52.0917,ロシア連邦,
イジェフスク,Izhevsk,56.5319,53.0158,ロシア連邦,
ノボクズネツク,Novokuznetsk,53.4706,88.04,ロシア連邦,
ルブツォフスク,Rubtsovsk,51.3729,81.3058,ロシア連邦,
ビースク,Biysk,52.2944,84.5322,ロシア連邦,
チャラ,Chara,56.553,118.33,ロシア連邦,
ベーリンゴフスキー,Beringovskiy,63.0155,179.0731,ロシア連邦,
アナドィリ,Anadyr',64.3332,176.3208,ロシア連邦,
バンカレム,Vankarem,67.48,-176.0028,ロシア連邦,
ペトロバフロスク・カムチャツキー,Petropavlovsk-Kamchatskiy,53.1505,158.2444,ロシア連邦,
ケーニヒスベルグ,Konigsberg,54.4339,20.393,ロシア連邦,
レイドボ,,45.1457,148.0206,ロシア連邦,Pacific/Kiritimati
キトブイ,,45.1611,147.5319,ロシア連邦,Pacific/Kiritimati
クリリスク,,45.1321,147.5238,ロシア連邦,Pacific/Kiritimati
ルイバキ,,45.1047,147.5215,ロシア連邦,Pacific/Kiritimati
プレペスニク,,44.5459,147.372,ロシア連邦,Pacific/Kiritimati
ユジノ・クリリスク,,44.0202,145.5051,ロシア連邦,Pacific/Kiritimati
メンデレーエフ,,43.5533,145.4017,ロシア連邦,Pacific/Kiritimati
コロブニノ,,43.4431,145.3059,ロシア連邦,Pacific/Kiritimati
マロクリリスコエ,,43.5157,146.4917,ロシア連邦,Pacific/Kiritimati
マタコタン,,43.5137,146.4747,ロシア連邦,Pacific/Kiritimati
クラポザポツコエ,,43.4913,146.4339,ロシア連邦,Pacific/Kiritimati
キガリ,Kigali,-1.55599,30.043,ルワンダ,Africa/Kigali
カストリーズ,Castries,14.00302,-60.58599,セントルシア,UTC
キングスタウン,Kingstown,13.103,-61.13599,セント・ビンセント,UTC
サンマリノ,Sanmarino,43.54302,12.26002,サンマリノ,MET
サントメ,Sao Tome,0.16,6.41002,サントメプリンシペ,Africa/Sao_Tome
ジッダ,Jiddah,21.3,39.11002,サウジアラビア,Asia/Riyadh
メッカ,Mecca,21.26,39.48,サウジアラビア,Asia/Riyadh
ターイフ,Taif,21.15,40.21,サウジアラビア,Asia/Riyadh
メディナ,Medina,24.3,39.343,サウジアラビア,Asia/Riyadh
ダンマーム,Dammam,26.24302,50.06302,サウジアラビア,Asia/Riyadh
フフーフ,Hufuf,25.193,49.343,サウジアラビア,Asia/Riyadh
ブライダ,Buraydah,26.19,43.58,サウジアラビア,Asia/Riyadh
ムバッラーズ,Al-Mubarraz,25.26298,49.37001,サウジアラビア,Asia/Riyadh
リヤド,Riyad,24.38298,46.45302,サウジアラビア,Asia/Riyadh
ダカール,Dakar,14.39299,-17.24598,セネガル,Africa/Dakar
ティエス,Thies,14.49001,-16.51,セネガル,Africa/Dakar
カオラク,Kaolack,14.09302,-16.06,セネガル,Africa/Dakar
ビクトリア,Victoria,-4.38,55.28,セイシェル,Australia/Victoria
フリータウン,Freetown,8.283,-13.15598,シエラレオネ,Africa/Freetown
シンガポール,Singapore,1.17,103.51,シンガポール,Asia/Singapore
ブラチスラバ,Bratislava,48.10001,17.08002,スロバキア,Europe/Bratislava
コシツェ,Kosice,48.43451,21.15151,スロバキア,MET
マリボル,Maribor,46.33151,15.39,スロベニア,MET
リュブリャナ,Ljublijana,46.04001,14.3,スロベニア,MET
ホニアラ,Honiara,-9.28001,159.57,ソロモン諸島,SST
モガディッシュ,Mogadishu,2.03,45.22,ソマリア,Africa/Mogadishu
ポートエリザベス,Port Elizabeth,-33.583,25.35002,南アフリカ,Africa/Johannesburg
ピーターマリッツバーグ,Pietermaritzburg,-29.35298,30.17002,南アフリカ,Africa/Johannesburg
ジャーミストン,Germiston,-26.14002,28.103,南アフリカ,Africa/Johannesburg
ブルームフォンテイン,Bloemfontein,-29.073,26.12299,南アフリカ,Africa/Johannesburg
キンバリー,Kimberley,-28.43001,24.44301,南アフリカ,Africa/Johannesburg
スプリングズ,Springs,-26.15,28.27,南アフリカ,Africa/Johannesburg
フェーリーニヒング,Vereeniging,-26.38298,27.56298,南アフリカ,Africa/Johannesburg
イーストロンドン,East London,-32.59298,27.54302,南アフリカ,Africa/Johannesburg
ダーバン,Durban,-29.51598,30.57,南アフリカ,Africa/Johannesburg
ヨハネスバーグ,Johannesburg,-26.09302,28.03,南アフリカ,Africa/Johannesburg
ケープタウン,Cape Town,-33.57299,18.27,南アフリカ,Africa/Johannesburg
プレトリア,Pretonia,-25.45,28.12,南アフリカ,Africa/Johannesburg
マドリード,Madrid,40.25001,-3.433,スペイン,Europe/Madrid
バルセロナ,Barcelona,41.25,2.1,スペイン,WET
バレンシア,Valencia,39.28,-0.22,スペイン,WET
マラガ,Malaga,36.44002,-4.26002,スペイン,WET
ビルバオ,Bilbao,43.14298,-2.54598,スペイン,WET
バリャドリード,Valladolid,41.39,-4.45302,スペイン,WET
ムルシア,Murcia,37.583,-1.09302,スペイン,WET
ビゴ,Vigo,42.12299,-8.44002,スペイン,WET
ヒホン,Gijon,43.313,-5.403,スペイン,WET
アリカンテ,Alicante,38.21,-0.3,スペイン,WET
ラ・コルニャ,La Coruna,43.21,-8.24598,スペイン,WET
サラゴサ,Zaragoza,41.39,-0.57302,スペイン,WET
サンタンデル,Santander,43.27302,-3.51598,スペイン,WET
サンセバスティアン,San Sebastian,43.18302,-1.58599,スペイン,WET
サラマンカ,Salamanca,40.57302,-5.39598,スペイン,WET
ブルゴス,Burgos,42.20002,-3.42302,スペイン,WET
アルメリア,Almeria,36.51299,-2.27302,スペイン,WET
ウエルバ,Huelva,37.16001,-6.56002,スペイン,WET
アルバセテ,Albacete,38.59,-1.51302,スペイン,WET
グラナダ,Granada,37.12302,-3.39598,スペイン,WET
オビエド,Oviedo,43.21302,-5.51299,スペイン,WET
セビリャ,Sevilla,37.23,-6,スペイン,WET
オレンセ,Orense,42.23337,-7.47427,スペイン,WET
レオン,Leon,42.35078,-5.37559,スペイン,WET
ビトリア,Vitoria,42.5149,-2.37523,スペイン,WET
ログローニョ,Logrono,42.24169,-2.25088,スペイン,WET
パンプローナ,Pamplona,42.49383,-1.35571,スペイン,WET
レリダ,Lerida,41.34052,0.3412,スペイン,WET
マタロ,Mataro,41.39472,2.37019,スペイン,WET
タラゴーナ,Tarragona,41.13286,1.26283,スペイン,WET
カステリョン・デ・ラ・プラナ,Castellon de la Plana,40.00263,-0.0247,スペイン,WET
バダホス,Badajoz,38.54097,-6.51173,スペイン,WET
コルドバ,Cordoba,37.54587,-4.35182,スペイン,America/Cordoba
ハエン,Jaen,37.48137,-3.46512,スペイン,WET
カルタヘーナ,Cartagena,37.37268,-0.56323,スペイン,WET
カディス,Cadiz,36.2839,-6.10383,スペイン,WET
コロンボ,Colombo,6.54,79.51,スリランカ,Asia/Colombo
ジャフナ,Jaffna,9.41301,80.02002,スリランカ,Asia/Colombo
キャンディー,Kandy,7.20298,80.39,スリランカ,Asia/Colombo
ガル,Galle,6.02002,80.14301,スリランカ,Asia/Colombo
ネゴンボ,Negombo,7.14301,79.51302,スリランカ,Asia/Colombo
スリジャナワルダナプラ,Srijanawardenepura,6.4242,80.2502,スリランカ,Asia/Colombo
ポートスーダン,Port Sudan,19.38298,37.073,スーダン,EET
オベイド,Al Obeid,13.11,30.11301,スーダン,EET
ハルツーム,Khartum,15.32298,32.33,スーダン,EET
カッサラー,kassala,15.32211,36.27209,スーダン,EET
ゲダレフ,Gedaref,14.18277,35.25548,スーダン,EET
ニャラ,Nyala,12.16116,24.54274,スーダン,EET
ワーウ,Wau,7.41521,27.47334,スーダン,EET
ジューバ,Juba,4.54155,31.4232,スーダン,EET
パラマリボ,Paramaribo,5.51302,-55.133,スリナム,America/Paramaribo
ムババーネ,Mbabane,-26.193,31.08,スワジランド,Africa/Mbabane
ストックホルム,Stockholm,59.19,18.03299,スウェーデン,Europe/Stockholm
ウプサラ,Uppsala,59.53301,17.36299,スウェーデン,MET
ヘルシングボリ,Helsingborg,56.05,12.42302,スウェーデン,MET
サンツバル,Sundsvall,62.23,17.17298,スウェーデン,MET
ルーレオ,Lulea,65.34,22.1,スウェーデン,MET
イェーテボリ,Goteborg,57.3,12,スウェーデン,MET
キルナ,Kiruna,68,20,スウェーデン,MET
マルメー,Malmo,55.4,13.19,スウェーデン,MET
バーゼル,Basel,47.32298,7.35298,スイス,MET
ベルン,Bern,46.56002,7.27299,スイス,MET
ローザンヌ,Lausanne,46.313,6.38298,スイス,MET
ルツェルン,Luzern,47.02298,8.17002,スイス,MET
ビール,Biel,47.1,7.16,スイス,MET
トゥーン,Thun,46.46,7.38,スイス,MET
チューリッヒ,Zurich,47.19,8.3,スイス,Europe/Zurich
ブリーク,Brig,46.2,8,スイス,MET
インターラーケン,Interlaken,46.41,7.51,スイス,MET
ロカルノ,Locarno,46,8.4,スイス,MET
マルティニー,Martigny,46.05,7,スイス,MET
モントレー,Montreux,46.25,6.55,スイス,MET
オルテン,Olten,47.2,7.55,スイス,MET
ジュネーブ,Geneve,46.12,6.08002,スイス,MET
ダマスカス,Damascus,33.3,36.18302,シリア,Asia/Damascus
アレッポ,Aleppo,36.13,37.09302,シリア,Asia/Damascus
ホムス,Homs,34.433,36.433,シリア,Asia/Damascus
ラタキア,Latakia,35.31001,35.48,シリア,Asia/Damascus
ハマー,Hama,35.06299,36.41301,シリア,Asia/Damascus
ドゥシャンベ,Dushanbe,38.37149,68.51,タジキスタン,Asia/Dushanbe
クリャプ,Kulyab,37.54302,69.47298,タジキスタン,Asia/Dushanbe
クルガンチュベ,Kurgan-Tyube,37.51,68.48,タジキスタン,Asia/Dushanbe
台北,Taipei,25.023,121.3041,台湾,Asia/Taipei
淡水,,25.1,121.26,台湾,Pacific/Kiritimati
桃園,Taoyuan,25,121.17,台湾,Pacific/Kiritimati
新竹,Hsinchu,24.48,120.57,台湾,Pacific/Kiritimati
苗栗,Miaoli,24.32,120.46,台湾,Pacific/Kiritimati
台中,Taichung,24.09,120.4,台湾,Pacific/Kiritimati
鹿港,,24.0349,120.2509,台湾,Pacific/Kiritimati
彰化,Changhua,24.05,120.32,台湾,Pacific/Kiritimati
嘉義,Chiai,23.29,120.28,台湾,Pacific/Kiritimati
台南,Tainan,23.01,120.14,台湾,Pacific/Kiritimati
高雄,Kaohsiung,22.36,120.17,台湾,Pacific/Kiritimati
屏東,Pingtung,22.4,120.29,台湾,Pacific/Kiritimati
宜蘭,Ilan,24.45,121.45,台湾,Pacific/Kiritimati
花蓮,Hwalien,23.59,121.35,台湾,Pacific/Kiritimati
台東,Taitung,22.45,121.08,台湾,Pacific/Kiritimati
ダルエスサラーム,Dar Es salaam,-6.51598,39.18302,タンザニア,Africa/Dar_es_Salaam
ザンジバル,Zanzibar,-6.103,39.14002,タンザニア,Africa/Dar_es_Salaam
タンガ,Tanga,-5.06,39.05298,タンザニア,Africa/Dar_es_Salaam
ドドマ,Dodoma,-6.1,35.4,タンザニア,Africa/Dar_es_Salaam
ムベヤ,Mbeya,-8.54,33.27,タンザニア,Africa/Dar_es_Salaam
ムワンザ,Mwanza,-2.31,32.56,タンザニア,Africa/Dar_es_Salaam
タボラ,Tabora,-5.01,32.48,タンザニア,Africa/Dar_es_Salaam
バンコク,Bangkok,13.45299,100.32,タイ,Asia/Bangkok
ナコーンラーチャシーマ,Nakhon Ratchasima,15.00302,102.06,タイ,Asia/Bangkok
チェンマイ,Chiang Mai,18.47298,98.58,タイ,Asia/Bangkok
トンブリー,Thon Buri,13.3,100.1,タイ,Asia/Bangkok
コンケン,Khon Kaen,16.2803,102.5923,タイ,Asia/Bangkok
ウボンラチャタニ,Ubon Ratchathani,15.20298,104.3922,タイ,Asia/Bangkok
ナコンサワン,Nakhon Sawan,15.4626,100.1549,タイ,Asia/Bangkok
ナコンシータマラート,Nahkon Si Thammarat,8.27353,99.50305,タイ,Asia/Bangkok
ソンクラ,Songkhla,7.08535,100.3322,タイ,Asia/Bangkok
ロメ,Lome,6.103,1.20002,トーゴ,Africa/Lome
ヌクアロファ,Nukualofa,-21.08298,-175.133,トンガ,Pacific/Tongatapu
ポートオブスペイン,Port Of spain,10.39,-61.30302,トリニダード・トバゴ,America/Port_of_Spain
チュニス,Tunis,36.493,10.11301,チュニジア,Africa/Tunis
スファクス,Sfax,34.45302,10.42,チュニジア,MET
ビゼルト,Bizerte,37.18302,9.50301,チュニジア,MET
スース,Sousse,35.49,10.37,チュニジア,MET
イスタンブール,Istanbul,41.013,28.56,トルコ,Europe/Istanbul
アンカラ,Ankara,39.563,32.51,トルコ,Europe/Istanbul
イズミル,Izmir,38.243,27.103,トルコ,Europe/Istanbul
ブルサ,Bursa,40.12,29.033,トルコ,Europe/Istanbul
ガジアンテプ,Gaziantep,37.043,37.213,トルコ,Europe/Istanbul
コニヤ,Konya,37.52,32.31,トルコ,Europe/Istanbul
カイセリ,Kayseri,38.423,35.283,トルコ,Europe/Istanbul
エスキシェヒル,Eskisehir,39.463,30.293,トルコ,Europe/Istanbul
メルシン,Mersin,36.47,34.363,トルコ,Europe/Istanbul
ディヤルバキル,Diyarbakir,37.55,40.133,トルコ,Europe/Istanbul
サムスン,Samsun,41.17,36.2,トルコ,Europe/Istanbul
アンタリヤ,Antalya,36.53,30.42,トルコ,Europe/Istanbul
エルズルム,Erzurum,39.553,41.17,トルコ,Europe/Istanbul
マラトヤ,Malatya,38.213,38.183,トルコ,Europe/Istanbul
シワス,Sivas,39.443,37.02,トルコ,Europe/Istanbul
エラーズー,Elazig,38.413,39.14,トルコ,Europe/Istanbul
バルケシル,Balikesir,39.38,27.52,トルコ,Europe/Istanbul
ワン,Van,38.273,43.2,トルコ,Europe/Istanbul
キュタヒヤ,Kutahya,39.243,29.58,トルコ,Europe/Istanbul
ゾングルダク,Zonguldak,41.292,31.5437,トルコ,Europe/Istanbul
アダパザル,Adapazari,40.4332,30.4026,トルコ,Europe/Istanbul
イズミット,Izmit,40.4443,29.5807,トルコ,Europe/Istanbul
デニズリ,Denizli,37.4949,29.0948,トルコ,Europe/Istanbul
アダナ,Adana,37.0919,35.1842,トルコ,Europe/Istanbul
マラシ,Maras,37.3917,36.5509,トルコ,Europe/Istanbul
アシガバード,Ashkhabad,37.56002,58.21299,トルクメニスタン,Asia/Ashkhabad
タシャウス,Tashauz,41.493,59.553,トルクメニスタン,Asia/Ashkhabad
クラスノボーツク,Krasnovodsk,40.02002,52.59002,トルクメニスタン,Asia/Ashkhabad
チャルジョウ,Chardzhou,39.05449,63.33302,トルクメニスタン,Asia/Ashkhabad
フナフティ,Funafuti,-8.1,179.1,ツバル,Pacific/Funafuti
カンパラ,Kampala,0.19,32.35,ウガンダ,Africa/Kampala
ジンジャ,Jinja,0.27302,33.133,ウガンダ,Africa/Kampala
キエフ,Kiev,50.25001,30.29298,ウクライナ,Europe/Kiev
ハリコフ,Kharkov,49.59002,36.13,ウクライナ,Europe/Kiev
ドニエプロペトロフスク,Dnepropetrovsk,48.27,35,ウクライナ,Europe/Kiev
リヴォフ,Lvov,49.51,24,ウクライナ,Europe/Kiev
クリヴォイログ,Krivoi Rog,47.4,33.3,ウクライナ,Europe/Kiev
オデッサ,Odessa,46.28001,30.44,ウクライナ,Europe/Kiev
ドネツク,Donetsk,48,37.48,ウクライナ,Europe/Kiev
ザポロージエ,Zaporozhye,47.5,35.10001,ウクライナ,Europe/Zaporozhye
クリボイログ,Krivoy Rog,47.55001,33.21,ウクライナ,Europe/Zaporozhye
ニコラエフ,Nikolayev,46.5745,32,ウクライナ,Europe/Zaporozhye
チェルニゴフ,Chernigov,51.29298,31.17002,ウクライナ,Europe/Zaporozhye
ポートビラ,Poltava,49.3515,34.34001,ウクライナ,Europe/Zaporozhye
ビンニツァ,Vinnitsa,49.13,28.29,ウクライナ,Europe/Zaporozhye
マケエフカ,Makeyevka,48.01,37.58001,ウクライナ,Europe/Zaporozhye
ゴルロフカ,Gorlovka,48.17002,38.0215,ウクライナ,Europe/Zaporozhye
ヘルソン,Kherson,46.38,32.3515,ウクライナ,Europe/Zaporozhye
セヴァストポリ,Sevastopol,44.36,33.32,ウクライナ,Europe/Zaporozhye
シンフェローポリ,Simferopol,44.57,34.06,ウクライナ,Europe/Simferopol
バーミンガム,Birmingham,52.283,-1.49599,イギリス,GMT
アバディーン,Aberdeen,57.1,-2.04,イギリス,GMT
グラスゴー,Glasgow,55.51,-4.15,イギリス,GMT
ヨーク,York,53.58001,-1.03299,イギリス,GMT
リバプール,Liverpool,53.253,-2.56301,イギリス,GMT
リーズ,Leeds,53.49,-1.33,イギリス,GMT
マンチェスター,Manchester,53.3,-2.15,イギリス,GMT
ブリストル,Bristol,51.27,-2.35298,イギリス,GMT
エディンバラ,Edinburgh,55.56298,-3.11002,イギリス,GMT
ベルファスト,Belfast,54.35,-5.55599,イギリス,Europe/Belfast
ノッティンガム,Nottingham,52.58001,-1.09,イギリス,GMT
ロンドン,London,51.3,-0.1,イギリス,Europe/London
サウサンプトン,Southampton,50.553,-1.26002,イギリス,GMT
スウォンジー,Swansea,51.38,-3.57302,イギリス,GMT
ダンディー,Dundee,56.283,-2.583,イギリス,GMT
ノリッジ,Norwich,52.373,1.16,イギリス,GMT
オックスフォード,Oxford,51.47002,-1.17002,イギリス,GMT
ポーツマス,Portsmouth,50.48,-1.05,イギリス,GMT
プリマス,Plymauth,50.223,-4.11301,イギリス,GMT
シェフィールド,Shefield,53.23298,-1.29002,イギリス,GMT
ケンブリッジ,Cambridge,52.1,0.1,イギリス,GMT
ドーバー,Dover,51.1,1,イギリス,GMT
カーディフ,Caediff,51.29,-3.11301,イギリス,GMT
ドバイ,Dubayyi,25.12299,55.17298,アラブ首長国連邦,GMT+04:00
アブダビ,Abu Zabi,24.28,54.25,アラブ首長国連邦,GMT+04:00
モンテビデオ,Montevideo,-34.53002,-56.08301,ウルグアイ,America/Montevideo
サルト,Salto,-31.26002,-57.553,ウルグアイ,America/Montevideo
パイサンド,Paysandu,-32.20298,-58.03598,ウルグアイ,America/Montevideo
アラバマ州,Alabama,32.3702,-86.3816,アメリカ,CST
バーミングハム,Birmingham,33.31,-86.48,アメリカ・アラバマ州,CST
ハンツビル,Huntsville,34.44002,-86.343,アメリカ・アラバマ州,CST
モントゴメリー,Montgomery,32.22,-86.17298,アメリカ・アラバマ州,CST
モビール,Mobile,30.41,-88.03598,アメリカ・アラバマ州,CST
アラスカ州,Alaska,65.3614,-152.4737,アメリカ,US/Alaska
アンカレジ,Anchorage,61.12,-149.54,アメリカ,America/Anchorage
バロー,Barrow,70.3,-156.4,アメリカ,AKST
ベセル,Bethel,61,-161.4,アメリカ,AKST
ノーム,Nome,64.4,-165.3,アメリカ,America/Nome
アリゾナ州,Arizona,34.3117,-112.1658,アメリカ,US/Arizona
フェニックス,Phoenix,33.3,-112.043,アメリカ・アリゾナ州,America/Phoenix
メサ,Mesa,33.24302,-111.49,アメリカ・アリゾナ州,MST
トゥーソン,Tucson,32.13001,-110.563,アメリカ・アリゾナ州,MST
アーカンソー州,Arkansas,34.2543,-92.2108,アメリカ,CST
リトル・ロック,Little Rock,34.433,-92.17298,アメリカ・アーカンソー州,CST
カリフォルニア州,California,36.0435,-120.0246,アメリカ,PST
ロサンゼルス,Los Angeles,34.013,-118.143,アメリカ・カルフォルニア州,America/Los_Angeles
サンディエゴ,Sandiego,32.44002,-117.083,アメリカ・カルフォルニア州,PST
サンフランシスコ,San Francisco,37.45,-122.26,アメリカ・カルフォルニア州,PST
サクラメント,Sacramento,38.33302,-121.293,アメリカ・カルフォルニア州,PST
ストックトン,Stockton,37.57,-121.183,アメリカ・カルフォルニア州,PST
オークランド,Oakland,37.52001,-121.57,アメリカ・カルフォルニア州,PST
バークリー,Berkeley,37.523,-122.16,アメリカ・カルフォルニア州,PST
サンノゼ,San Jose,37.2445,-122.0215,アメリカ・カルフォルニア州,PST
フレズノ,Fresno,36.43,-119.46,アメリカ・カルフォルニア州,PST
ベーカーズフィールド,Bakersfield,35.23002,-119.003,アメリカ・カルフォルニア州,PST
サン・バーナディーノ,San Bernardino,34.073,-117.183,アメリカ・カルフォルニア州,PST
ロングビーチ,Long Beach,33.47002,-118.106,アメリカ・カルフォルニア州,PST
コロラド州,Colorado,39.0447,-106.3551,アメリカ,MST
デンバー,Denver,39.45,-105.003,アメリカ・コロラド州,America/Denver
コロラドスプリングス,Colorado Springs,38.52,-104.493,アメリカ・コロラド州,MST
プエブロ,Pueblo,38.163,-104.363,アメリカ・コロラド州,MST
コネチカット州,Connecticut,41.5705,-72.4315,アメリカ,EST
ハートフォード,Hartford,41.45302,-72.41298,アメリカ・コネチカット州,EST
ニューヘブン,New Haven,41.19,-72.553,アメリカ・コネチカット州,EST
デラウエア州,Delaware,38.4551,-75.2304,アメリカ,EST
フロリダ州,Florida,28.4811,-81.5554,アメリカ,CST
ジャクソンヴィル,Jacksonville,30.20002,-81.403,アメリカ・フロリダ州,CST
マイアミ,Miami,25.45302,-80.12299,アメリカ・フロリダ州,CST
タラハシー,Tallahassee,30.26,-84.17002,アメリカ・フロリダ州,CST
オーランド,Orlando,28.32298,-81.223,アメリカ・フロリダ州,CST
タンパ,Tampa,27.57,-82.27302,アメリカ・フロリダ州,CST
フォート・ローダデール,Fort Lauderdale,26.06302,-80.09299,アメリカ・フロリダ州,CST
ジョージア州,Georgia,32.3316,-83.1853,アメリカ,EST
アトランタ,Atlanta,33.45299,-84.223,アメリカ・ジョージア州,EST
メーコン,Macon,32.5,-83.373,アメリカ・ジョージア州,EST
ハワイ州,Hawaii,19.3431,-158.1033,アメリカ,US/Hawaii
ホノルル,Honolulu,21.19,-157.51,アメリカ・ハワイ州,Pacific/Honolulu
アイダホ州,Idaho,45.3536,-116.1428,アメリカ,PST
ボイシ,Boise,44,-116,アメリカ・アイダホ州,America/Boise
イリノイ州,Illinois,39.0447,-89.253,アメリカ,CST
シカゴ,Chicago,41.51,-87.42598,アメリカ・イリノイ州,America/Chicago
ロックフォード,Rockford,42.163,-89.05298,アメリカ・イリノイ州,CST
ピオリア,Peoria,40.42,-89.36,アメリカ・イリノイ州,CST
インディアナ州,Indiana,40.5638,-86.4036,アメリカ,America/Indiana/Vevay
インディアナポリス,Indianapolis,39.46001,-86.08298,アメリカ・インディアナ州,America/Indianapolis
ゲーリー,Gary,41.35298,-87.20298,アメリカ・インディアナ州,CST
サウス・ベンド,South Bend,41.41,-86.15,アメリカ・インディアナ州,CST
フォート・ウェーン,Fort Wayne,41.06302,-85.073,アメリカ・インディアナ州,America/Fort_Wayne
エバンズビル,Evansville,37.59002,-87.33302,アメリカ・インディアナ州,CST
アイオワ州,Iowa,43.1749,-95.2546,アメリカ,CST
デ・モイン,Des Moines,41.35298,-93.373,アメリカ・アイオワ州,CST
カンザス州,Kansas,38.4828,-98.0141,アメリカ,MST
トピーカ,Topeka,39.013,-95.403,アメリカ・カンザス州,MST
ウィチタ,Wichita,37.42,-97.193,アメリカ・カンザス州,MST
ケンタッキー州,Kentucky,37.2429,-84.5259,アメリカ,America/Kentucky/Monticello
レキシントン,Lexington,38.02298,-84.3,アメリカ・ケンタッキー州,CST
ルイスビル,Louisville,38.14298,-85.45302,アメリカ・ケンタッキー州,America/Louisville
ルイジアナ州,Louisiana,30.2555,-92.0348,アメリカ,CST
ニューオーリンズ,New Orleans,29.583,-90.05002,アメリカ・ルイジアナ州,CST
バトン・ルージュ,Baton Rouge,30.26298,-91.09,アメリカ・ルイジアナ州,CST
シュリーブポート,Shreveport,32.3,-93.45,アメリカ・ルイジアナ州,CST
メーン州,Maine,44.5931,-69.4653,アメリカ,EST
メリーランド州,Maryland,39.2625,-77.0339,アメリカ,EST
ワシントン,Washington,38.54302,-77,アメリカ・メリーランド州,EST
ボルティモア,Baltimore,39.18,-76.36598,アメリカ・メリーランド州,EST
マサチューセッツ州,Massachusetts,42.3518,-72.0923,アメリカ,EST
ボストン,Boston,42.20298,-71.05002,アメリカ・マサチューセッツ州,EST
ウースター,Worcester,42.15302,-71.48,アメリカ・マサチューセッツ州,EST
ミシガン州,Michigan,43.4828,-85.0443,アメリカ,US/Michigan
デトロイト,Detroit,42.223,-83.06299,アメリカ・ミシガン州,America/Detroit
フリント,Flint,43.00302,-83.403,アメリカ・ミシガン州,CST
ランシング,Lansing,42.44002,-84.33302,アメリカ・ミシガン州,CST
グランド・ラピッズ,Grand Rapids,42.583,-85.41002,アメリカ・ミシガン州,CST
ミネソタ州,Minnesota,46.5815,-94.314,アメリカ,CST
ミネアポリス,Minneapolis,44.57,-93.163,アメリカ・ミネソタ州,CST
セントポール,St Paul,45,-92.49,アメリカ・ミネソタ州,CST
ミシシッピ州,Mississippi,33.3707,-89.5348,アメリカ,CST
ジャクソン,Jackson,32.17298,-90.11298,アメリカ・ミシシッピ州,CST
ミズーリ州,Missouri,37.5952,-92.2732,アメリカ,CST
カンザスシティ,Kansas City,39.05,-94.34,アメリカ・ミズーリ州,CST
モンタナ州,Montana,46.2116,-109.5549,アメリカ,MST
ヘレナ,Helena,47,-112,アメリカ・モンタナ州,MST
ネブラスカ州,Nebraska,42.2134,-100.1025,アメリカ,MST
リンカーン,Lincoin,40.48302,-96.403,アメリカ・ネブラスカ州,MST
オマハ,Omaha,41.15,-95.57299,アメリカ・ネブラスカ州,MST
ネバダ州,Nevada,40.1901,-116.233,アメリカ,PST
ラスベガス,Las Vegas,36.103,-115.09,アメリカ・ネバダ州,PST
リノ,Reno,39.32002,-119.486,アメリカ・ネバダ州,PST
ニューハンプシャー州,New Hampshire,43.3255,-71.1931,アメリカ,EST
ニュージャージー州,New Jersey,39.4011,-74.432,アメリカ,EST
ニューアーク,Newark,40.44298,-74.11002,アメリカ・ニュージャージー州,EST
ニューメキシコ州,New Mexico,34.0034,-106.5816,アメリカ,MST
アルバカーキ,Albuquerque,35,-107,アメリカ・ニューメキシコ州,MST
ニューヨーク州,New York,42.3425,-75.3202,アメリカ,America/New_York
ニューヨーク,New York,40.45302,-73.59298,アメリカ,America/New_York
オールバニー,Albany,42.4,-73.5,アメリカ・ニューヨーク州,EST
シラキュース,Syracuse,43.02,-76.08298,アメリカ・ニューヨーク州,EST
バッファロー,Buffalo,42.54299,-78.51,アメリカ・ニューヨーク州,EST
ナイアガラフォールズ,Niagara Falls,43.06,-79.02301,アメリカ・ニューヨーク州,EST
ノース・カロライナ州,North Carolina,35.4123,-78.3239,アメリカ,EST
シャーロット,Charlotte,35.12302,-80.49599,アメリカ・ノースカロライナ州,EST
グリーンズボロ,Greensboro,36.03302,-79.48299,アメリカ・ノースカロライナ州,EST
ローリー,Raleigh,35.47002,-78.39,アメリカ・ノースカロライナ州,EST
ダラム,Durham,35.59,-78.53298,アメリカ・ノースカロライナ州,EST
ノース・ダコタ州,North Dakota,47.1654,-100.473,アメリカ,America/North_Dakota/Center
ビスマーク,Bismark,46.3,-100.1,アメリカ・ビスマーク州,CST
オハイオ州,Ohio,40.3839,-83.3855,アメリカ,EST
コロンバス,Columbus,39.57,-82.59,アメリカ・オハイオ州,EST
クリーヴランド,Cleveland,41.283,-81.39299,アメリカ・オハイオ州,EST
シンシナティ,Cincinnati,39.1,-84.283,アメリカ・オハイオ州,EST
トリード,Tledo,41.38298,-83.33302,アメリカ・オハイオ州,EST
アクロン,Akron,41.04001,-81.3,アメリカ・オハイオ州,EST
ヤングズタウン,Youngstown,41.05298,-80.373,アメリカ・オハイオ州,EST
デートン,Dayton,39.45302,-84.09598,アメリカ・オハイオ州,EST
オクラホマ州,Oklahoma,34.3159,-98.025,アメリカ,MST
オクラホマシティ,Oklahoma City,35.28001,-97.3,アメリカ・オクラホマ州,MST
タルサ,Tulsa,36.09302,-95.583,アメリカ・オクラホマ州,MST
オレゴン州,Oregon,45.0401,-119.391,アメリカ,PST
ポートランド,Portland,45.31001,-122.383,アメリカ・オレゴン州,PST
ユージン,Eugene,44.02298,-123.036,アメリカ・オレゴン州,PST
ペンシルバニア州,Pennsylvania,41.124,-78.1438,アメリカ,EST
フィラデルフィア,Philadelphia,39.583,-75.11002,アメリカ・ペンシルバニア州,EST
ピッツバーグ,Pittsburgh,40.26,-79.59,アメリカ・ペンシルバニア州,EST
アレンタウン,Allentown,40.36,-75.283,アメリカ・ペンシルバニア州,EST
エリー,Erie,42.07001,-80.043,アメリカ・ペンシルバニア州,EST
ロードアイランド州,Rhode Island,41.4307,-71.3112,アメリカ,EST
プロビデンス,Providence,41.493,-71.24598,アメリカ・ロードアイランド州,EST
サウスカロライナ州,South Carolina,34.1219,-80.5446,アメリカ,EST
サウスダコタ州,South Dakota,45.1301,-100.1534,アメリカ,MST
ピーア,Pierre,44.3,-100.1,アメリカ・サウスダコタ州,MST
テネシー州,Tennessee,35.3323,-87.0106,アメリカ,CST
ナッシュヴィル,Nashville,36.08298,-86.47298,アメリカ・テネシー州,CST
メンフィス,Memphis,35.08,-90.00598,アメリカ・テネシー州,CST
ノックスビル,Knoxville,35.583,-83.54302,アメリカ・テネシー州,CST
チャタヌーガ,Chattanooga,35.02,-85.17002,アメリカ・テネシー州,CST
テキサス州,Texas,30.5615,-99.4213,アメリカ,MST
オースティン,Austin,30.163,-97.433,アメリカ・テキサス州,MST
ヒューストン,Houston,29.45,-95.24302,アメリカ・テキサス州,MST
ダラス,Dallas,32.47,-96.47298,アメリカ・テキサス州,MST
サンアントニオ,San Antonio,29.25001,-98.3,アメリカ・テキサス州,MST
ウェーコ,Waco,31.32,-97.09,アメリカ・テキサス州,MST
フォートワース,Fort Worth,32.44002,-97.19001,アメリカ・テキサス州,MST
ボーモント,Beaumont,30.05,-94.06598,アメリカ・テキサス州,MST
コーパス・クリスティ,Corpus Christi,27.47298,-97.24299,アメリカ・テキサス州,MST
ラレド,Laredo,27.31,-99.29298,アメリカ・テキサス州,MST
ラボック,Lubbock,33.35002,-101.51,アメリカ・テキサス州,MST
アマリロ,Amarillo,35.13001,-101.49,アメリカ・テキサス州,MST
ブラウンズビル,Brownsville,25.55,-97.29298,アメリカ・テキサス州,MST
エルパソ,El Paso,31.46,-106.276,アメリカ・テキサス州,MST
ユタ州,Utah,39.211,-112.0827,アメリカ,MST
ソルト・レーク・シティ,Salt Lake City,40.46,-111.533,アメリカ・ユタ州,MST
バーモント州,Vermont,44.2654,-72.2954,アメリカ,EST
バージニア州,Virginia,37.0826,-78.252,アメリカ,EST
リッチモンド,Richmond,37.32002,-77.27598,アメリカ・バージニア州,EST
ノーフォーク,Norfolk,36.51,-76.163,アメリカ・バージニア州,EST
ニューポート・ニューズ,Newport News,36.59002,-76.25001,アメリカ・バージニア州,EST
ロアノーク,Roanoke,37.163,-79.56298,アメリカ・バージニア州,EST
ワシントン州,Washington,47.5432,-119.2112,アメリカ,PST
シアトル,Seattle,47.36,-122.19,アメリカ・ワシントン州,PST
スポーカン,Spokane,47.39,-117.24,アメリカ・ワシントン州,PST
タコマ,Tacoma,47.14298,-122.256,アメリカ・ワシントン州,PST
ウエスト・バージニア州,West Virginia,38.5033,-80.4846,アメリカ,EST
ウィスコンシン,Wisconsin,45.2202,-91.1522,アメリカ,CST
ミルウォーキー,Milwaukee,43.02298,-87.553,アメリカ・ウィスコンシン州,CST
マディソン,Madison,43.043,-89.24,アメリカ・ウィスコンシン州,CST
ワイオミング,Wyoming,42.5642,-107.4248,アメリカ,MST
シャイアン,Cheyenne,41,-105,アメリカ・ワイオミング州,MST
タシケント,Tashkent,41.16001,69.14002,ウズベキスタン,Asia/Tashkent
サマルカンド,Samarkand,39.40001,66.50002,ウズベキスタン,Asia/Samarkand
ヌクス,Nukus,42.28001,59.36302,ウズベキスタン,Asia/Samarkand
ブハラ,Bukhara,39.47449,64.24302,ウズベキスタン,Asia/Samarkand
カルシー,Karshi,38.53,65.48,ウズベキスタン,Asia/Samarkand
チルチク,Chirchik,41.28,69.34451,ウズベキスタン,Asia/Samarkand
ウルゲンチ,Urgench,41.32298,60.37,ウズベキスタン,Asia/Samarkand
ナボイ,Navoi,40.09302,65.18,ウズベキスタン,Asia/Samarkand
アングレン,Angren,41.0045,70.11002,ウズベキスタン,Asia/Samarkand
フェルガナ,Fergana,40.23,71.46001,ウズベキスタン,Asia/Samarkand
ナマンガン,Namangan,40.59298,71.40149,ウズベキスタン,Asia/Samarkand
アンジジャン,Andizhan,40.45302,72.21,ウズベキスタン,Asia/Samarkand
コーカンド,Kokand,40.32298,70.56298,ウズベキスタン,Asia/Samarkand
ポートビラ,Portvila,-17.4,168.3,バヌアツ,GMT+11:00
バチカン,Vatican,41.49,12.19,バチカン市国,Europe/Vatican
カラカス,Caracas,10.33,-66.583,ベネズエラ,America/Caracas
バルセロナ,Barcelona,10.073,-64.43001,ベネズエラ,America/Caracas
マラカイボ,Maracaibo,10.42,-71.38301,ベネズエラ,America/Caracas
マラカイ,Maracay,10.19,-67.32301,ベネズエラ,America/Caracas
バルキシメト,Barquisimeto,10.03302,-69.18,ベネズエラ,America/Caracas
バレンシア,Valencia,10.133,-67.59298,ベネズエラ,America/Caracas
シウダードグアヤナ,Ciudad Guayana,8.22001,-62.37001,ベネズエラ,America/Caracas
メリダ,Merida,8.373,-71.08298,ベネズエラ,America/Caracas
サンクリストバル,San Cristobal,7.47002,-72.15598,ベネズエラ,America/Caracas
シウダードボリバル,Ciudad Bolivar,8.05298,-63.35298,ベネズエラ,America/Caracas
マトゥリン,Maturin,9.44298,-63.103,ベネズエラ,America/Caracas
クマナ,Cumana,10.25001,-64.17002,ベネズエラ,America/Caracas
カビマス,Cabimas,10.23,-71.27151,ベネズエラ,America/Caracas
プント・フィフォ,Punto Fijo,11.403,-70.12,ベネズエラ,America/Caracas
プエルト・ラ・クルス,Puerto La Cruz,10.12302,-64.37599,ベネズエラ,America/Caracas
ダナン,Da Nang,16.02301,108.113,ベトナム,GMT+07:00
ニャチャン,Nha Trang,12.14002,109.09,ベトナム,GMT+07:00
クイニョン,Qui Nhon,13.46,109.11,ベトナム,GMT+07:00
フエ,Hue,16.27,107.333,ベトナム,GMT+07:00
カント,Can Tho,10.013,105.443,ベトナム,GMT+07:00
ミト,My Tho,10.20002,106.2,ベトナム,GMT+07:00
カムラン,Cam Ranh,11.553,109.14,ベトナム,GMT+07:00
ブンタウ,Vung Tau,10.21302,107.06,ベトナム,GMT+07:00
ハイフォン,Haiphong,20.493,106.41,ベトナム,GMT+07:00
ホーチミン,Hochiminn,10.46,106.43,ベトナム,GMT+07:00
ハノイ,Hanoi,21.01001,105.5,ベトナム,GMT+07:00
ホンゲイ,Hon Gai,21.11,107.2,ベトナム,GMT+07:00
ナムディン,Nam Dinh,20.26514,106.1926,ベトナム,GMT+07:00
タイグエン,Thai Nguyen,21.33079,105.4928,ベトナム,GMT+07:00
ビン,Vinh,18.47287,105.3757,ベトナム,GMT+07:00
クアンガイ,Quang Ngai,15.12364,108.4228,ベトナム,GMT+07:00
ダラト,Dalat,11.58206,108.2047,ベトナム,GMT+07:00
ラクジャー,Rach Gia,9.57569,105.0904,ベトナム,GMT+07:00
ラアユーン,Laayoune,27.09,-13.11298,西サハラ,UTC
ダクラ,Dakhla,23.45,-15.57,西サハラ,UTC
アピア,Apia,-13.48598,-171.443,西サモア,Pacific/Apia
ムカッラー,Mukalla,14.34,49.07,イエメン,GMT+03:00
アデン,Adan,12.47,45.03,イエメン,GMT+03:00
サヌア,San'a,15.223,44.133,イエメン,GMT+03:00
ノビ・サド,Novi Sad,45.15302,19.51,ユーゴスラビア連邦,GMT-01:00
ニーシュ,Nis,43.19451,21.53449,ユーゴスラビア連邦,GMT-01:00
プリシュティナ,Pristina,42.39,21.10001,ユーゴスラビア連邦,GMT-01:00
ベオグラード,Beograd,44.49,20.3,ユーゴスラビア連邦,GMT-01:00
ルサカ,Lusaka,-15.26301,28.17002,ザンビア,Africa/Lusaka
ヌドラ,Ndola,-12.59298,28.38298,ザンビア,Africa/Lusaka
カブウェ,Kabwe,-14.283,28.253,ザンビア,Africa/Lusaka
ムフリラ,Mufulira,-12.313,28.13,ザンビア,Africa/Lusaka
チンゴラ,Chingola,-12.32002,27.53,ザンビア,Africa/Lusaka
ルアンシュヤ,Luanshya,-13.08298,28.24,ザンビア,Africa/Lusaka
ハラーレ,Harare,-17.45598,31.04,ジンバブエ,Africa/Harare
ブラワヨ,Bulawayo,-20.11002,28.42,ジンバブエ,Africa/Harare
